text,label
text,label
"요금이 오르는 건 아쉽지만 적자를 줄이려면 어느 정도 인상은 필요하다고 생각합니다.",0
"장기적으로 서비스 질이 좋아진다면 지금 인상은 받아들일 수 있어요.",0
"재정 상황을 보면 언젠가 올릴 수밖에 없었다고 보입니다.",0
"학생 할인이나 취약계층 지원만 잘 챙겨준다면 요금 인상 자체는 이해해요.",0
"지금은 힘들어도 대중교통 유지와 안전 투자를 위해서라면 어느 정도는 찬성합니다.",0
"이 정도 인상이면 물가를 고려했을 때 나쁘지 않은 수준이라고 생각합니다.",0
"환경을 위해서라도 대중교통을 강화해야 하니 재원 마련 차원에서 인상에 동의합니다.",0
"교통 인프라 개선에 실제로 쓰인다면 요금 인상도 필요악이라고 느껴져요.",0
"장기적으로 적자만 쌓이는 것보다는 지금 조금씩 올리는 게 낫다고 생각합니다.",0
"요금이 너무 싸면 결국 서비스가 무너질 수 있으니 일정 수준 인상은 불가피하다고 봅니다.",0
"물가도 오르는데 교통비까지 올리면 서민들은 어떻게 살라는 건지 이해가 안 됩니다.",1
"월급은 그대로인데 교통 요금만 계속 오르는 건 명백히 잘못된 정책이라고 생각해요.",1
"재정 문제를 왜 시민한테만 떠넘기는지 납득이 되지 않습니다. 강하게 반대합니다.",1
"세금은 세금대로 걷으면서 요금까지 인상하는 건 이중 부담 아닙니까?",1
"서민과 학생들 입장을 전혀 고려하지 않은 결정이라 생각해서 동의할 수 없어요.",1
"적자 핑계 대면서 구조조정이나 비효율 개선은 안 하고 요금만 올리는 것 같아요.",1
"당장 교통비 지출이 늘어나면 다른 필수 지출을 줄여야 해서 현실적으로 너무 힘듭니다.",1
"요금 인상 전에 먼저 서비스 질부터 개선하는 게 순서 아닐까요? 지금은 반대합니다.",1
"연봉이 오른 만큼 교통비가 같이 오르지 않는데 이런 인상은 부당하게 느껴져요.",1
"물가 상승률을 감안해도 이번 인상폭은 과하다고 생각해서 받아들이기 어렵습니다.",1
"사실 잘 모르겠어요. 오를 만한 상황인지, 아닌지 정확한 근거를 아직 못 봤습니다.",2
"요금 인상이 좋은지 나쁜지 애매해서 당장 찬성이나 반대라고 말하기는 어렵네요.",2
"적자라서 올린다는 말도 일리가 있고, 시민 부담이 크다는 말도 이해가 됩니다.",2
"양쪽 의견을 더 들어봐야 할 것 같아서 아직은 중립적인 입장에 머물고 있습니다.",2
"요금이 오르는 건 싫지만, 그렇다고 무조건 반대해야 하는지는 잘 모르겠어요.",2
"장단점이 다 있는 결정 같아서 상황을 조금 더 지켜보고 판단하고 싶습니다.",2
"막 크게 찬성도 반대도 아니고, 그냥 시대 흐름상 어느 정도는 그렇게 가는 것 같아요.",2
"교통 정책 전체 그림을 모른 상태라 이번 인상만 놓고 판단하기가 애매하네요.",2
"특별히 만족스럽지도 않고, 그렇다고 분노가 날 정도도 아니라서 애매한 기분입니다.",2
"요금 인상이 논리적으로 이해는 되지만 체감상 좋지도 나쁘지도 않은 정도입니다.",2
"솔직히 이 정책은 너무 최악이라고 생각합니다. 당장 다시 논의해야 합니다.",1
"요금이 오르더라도 안전·배차·청결이 확실히 좋아진다면 그때는 찬성 쪽에 가깝습니다.",0
"이번 인상안 자체만 보면 불완전하지만, 장기 계획과 함께 본다면 그럭저럭 이해됩니다.",2
"교통비 인상보다 더 시급한 문제가 많은데, 굳이 지금 이걸 먼저 할 필요가 있었나 싶어요.",1
"시민 의견 수렴 절차를 충분히 거쳤다면 인상 폭이 같더라도 반응이 달랐을 것 같습니다.",2
"정책 취지에는 공감하지만 실제 실행 방식과 시기는 조정이 필요해 보입니다.",2
text,label
"새로 업데이트된 앱 인터페이스가 훨씬 직관적이라 사용하기 편해졌어요.",0
"이번 패치 이후 로딩이 더 빨라져서 만족스럽습니다.",0
"새 기능이 생각보다 유용해서 자주 쓰게 되네요.",0
"가격 대비 성능이 좋아서 주변에도 추천하고 있습니다.",0
"화질이 훨씬 개선돼서 보기 더 쾌적해졌어요.",0
"배터리 최적화가 잘 돼서 하루 종일 써도 거뜬합니다.",0
"알림 기능이 깔끔하게 정리돼서 집중하기 좋아요.",0
"전보다 안정적이라서 작업 효율이 올라갔습니다.",0
"업데이트 이후 버그가 거의 없어져서 만족스러워요.",0
"커뮤니티 기능이 추가돼서 소통하기가 훨씬 좋아졌습니다.",0
"요즘 서비스 질이 너무 떨어진 것 같아요. 예전만 못합니다.",1
"갑자기 오류가 나서 실행도 안 되고 답답합니다.",1
"품질 대비 가격이 너무 비싸요. 개선이 필요합니다.",1
"광고가 너무 많아서 제대로 이용하기 힘들어요.",1
"패치 이후 버그가 더 늘어서 짜증이 납니다.",1
"고객센터 응답 속도가 너무 느려서 불편해요.",1
"디자인이 너무 복잡해져서 오히려 쓰기 어려워졌습니다.",1
"약속된 기능이 제대로 작동하지 않아서 실망이에요.",1
"로딩만 계속 걸리고 제대로 사용할 수가 없네요.",1
"업데이트가 오히려 사용성을 망쳐버린 느낌입니다.",1
"좋은 점도 있고 아쉬운 점도 있어서 아직 판단이 어렵네요.",2
"처음엔 불편했는데 쓰다 보니 괜찮은 부분도 있습니다.",2
"큰 문제는 없지만 그렇다고 딱히 만족스럽지도 않아요.",2
"사용해봐야 할 기능이 더 많아서 당장 결론을 내리긴 어렵습니다.",2
"상황을 좀 더 지켜봐야 정확한 판단이 가능할 것 같아요.",2
"이번 변경이 나쁜 건 아닌데 크게 좋은 것도 아닌 느낌입니다.",2
"기능 개선은 됐지만 여전히 불편한 부분이 남아 있습니다.",2
"호불호가 갈릴 것 같은 업데이트라고 생각합니다.",2
"전체적으로 무난하지만 특별히 좋은 점은 모르겠어요.",2
"새로 나온 모바일 게임이 그래픽도 좋고 조작감도 훌륭합니다.",0
"일정 관리 기능이 추가돼서 업무 효율이 크게 올랐어요.",0
"카메라 품질이 기대 이상으로 잘 나와서 만족합니다.",0
"배달 속도가 빨라져서 자주 이용하게 되네요.",0
"헤드폰 음질이 깔끔하고 베이스도 탄탄해서 마음에 들어요.",0
"온라인 강의 퀄리티가 높아서 공부하기 훨씬 수월해졌습니다.",0
"이번 시즌 콘텐츠 구성이 너무 부실해서 아쉬워요.",1
"게임 밸런스가 완전히 무너져서 플레이할 맛이 안 납니다.",1
"신제품 마감이 좋지 않아 금방 고장날 것 같아요.",1
"최근 패치가 게임 전체를 망쳐버렸습니다.",1
"서비스 이용 중 자꾸 튕겨서 정상적으로 쓸 수가 없어요.",1
"요즘 서버 상태가 너무 불안정해서 불만입니다.",1
"기능 설명이 부족해서 어떤 점이 달라졌는지 잘 모르겠어요.",2
"업데이트 방향은 알겠는데 아직은 체감이 크지 않습니다.",2
"문제도 있지만 장점도 있어서 쉽게 평가하기 어렵네요.",2
"사용 패턴에 따라 느끼는 점이 많이 다를 것 같습니다.",2
"변경점이 분명히 있긴 한데 큰 영향은 없는 것 같아요.",2
"아직은 첫인상이라 단정하기 조심스럽습니다.",2
"출시된 기능들이 기대에 부합해서 만족스럽습니다.",0
"사용자 경험이 전반적으로 좋아져서 재사용 의향이 있어요.",0
"음질 개선이 체감될 정도로 좋아졌습니다.",0
"추천 알고리즘이 똑똑해져서 더 정확해진 느낌이에요.",0
"신규 기능이 의미가 없고 기존 기능만 복잡하게 만들었어요.",1
"최근 품질 이슈가 너무 많아서 신뢰가 떨어집니다.",1
"무난하긴 하지만 특별히 인상적인 점은 없네요.",2
"장단점이 뚜렷해서 사용자마다 평가가 다를 것 같습니다.",2
text,label
"이 영상 진짜 도움 된다… 바로 저장했다.",0
"와 이거 진짜 꿀팁인데? 이런 건 널리 퍼져야 함.",0
"편집 퀄 미쳤다… 다시 보기 각이다.",0
"이 사람 말 너무 공감됨… 나만 이렇게 느낀 줄.",0
"진짜 감동받았어요 ㅠㅠ 계속 응원합니다!",0
"이거보고 결국 나도 시작함ㅋㅋ 고마워요!",0
"영상 흐름 자연스럽고 설명도 깔끔해서 좋다.",0
"맞아… 이런 내용도 좀 더 알려줬으면 좋겠다.",0
"와… 진짜 이건 인정. 잘 만드셨네.",0
"솔직히 퀄리티만 보면 요즘 유튜버 중 탑급인데?",0
"이거 왜 올라온 거지? 솔직히 별로다.",1
"아니 내용도 없고 편집도 구리고 대체 뭐임?",1
"도대체 뭘 말하려는 건지 하나도 모르겠음.",1
"열심히는 했겠는데 결과가 그닥임.",1
"이걸로 사람들 속이지 말았으면…",1
"광고냄새 너무 심한데요?",1
"정보도 틀리고 전달도 엉망… 다시 공부하고 오셈.",1
"이런 건 올리지 마요 제발… 시간 낭비했네.",1
"아니 왜 추천에 뜬 거임? 불편함.",1
"솔직히 말하면 재미도 없고 감동도 없음.",1
"뭔가 좋은 것도 있고 아쉬운 것도 있어서 애매하네요.",2
"음… 이게 트렌드인가? 잘 모르겠다.",2
"일단 저장은 했는데 나중에 다시 봐야 알 듯.",2
"좋다고 해야 할지 그냥 그렇다고 해야 할지 모르겠음.",2
"이 영상 난이도가 내 기준에는 애매함.",2
"와 이런 유형 처음 보는데… 평가가 어렵네.",2
"호불호 꽤 갈릴 듯한 느낌임.",2
"나쁘진 않은데 엄청 좋은 건 또 아닌…",2
"뭔가 이해는 되는데 완전히 납득은 안 감.",2
"내용은 좋은데 연출은 애매하고 그렇다고 별로도 아님.",2
"와 이 장면 진짜 핵공감ㅋㅋㅋㅋ",0
"진짜 웃겨서 눈물 남ㅋㅋ 계속 올려주세요.",0
"이런 영상 퀄리티면 무조건 뜬다…",0
"편집 센스 뭐임? 개잘함.",0
"오늘 하루 기분 안 좋았는데 이거 보고 살아남.",0
"목소리 톤 너무 편안해서 계속 듣게 되네.",0
"짧은 영상인데도 메시지 전달 엄청 잘 됨.",0
"이런 콘텐츠 더 만들어주세요… 진짜 좋아요.",0
"아니 이건 무조건 공유해야지ㅋㅋㅋ",0
"배경음악이랑 편집이랑 너무 잘 맞아떨어진다.",0
"아니… 이게 왜 재밌다는 거지? 나만 이해 안 되나.",1
"편집이 너무 정신없어서 보기 불편함.",1
"목소리 너무 작아서 뭐라는지 안 들림.",1
"이거 사실관계 틀린 부분 꽤 있는 듯.",1
"고퀄 영상인 척하는 로우 퀄 영상 같아요.",1
"콘셉트 좋은데 완성도가 낮음.",1
"짧아서 좋긴 한데 너무 짧아서 정보가 없음.",1
"이런 영상 계속 올라오면 구독 취소할 듯.",1
"썸네일 낚시 너무 심하다… 실망.",1
"대체 뭘 전달하고 싶은 영상인지 모르겠음.",1
"이 영상은 좋지도 나쁘지도 않음. 무난함.",2
"시도는 괜찮은데 결과가 조금 미묘함.",2
"흠… 한번 더 보면 느낌이 올 수도?",2
"보긴 봤는데 딱히 인상 깊진 않아요.",2
"그냥 스크롤 내리다가 본 느낌임.",2
"어떤 의도로 만든 건지는 알겠는데 평가가 어렵네.",2
"아예 공감은 안 가지만 그렇다고 반감도 없음.",2
"그냥 가볍게 보기엔 괜찮음.",2
"짧아서 나쁘진 않은데 임팩트는 없음.",2
"사람마다 보는 느낌 꽤 갈릴 듯.",2
"미쳤다… 이 영상 만든 사람 천재냐ㅋㅋ",0
"진짜 이런 퀄리티 무료로 보는 게 말이 됨?",0
"이 정도면 요즘 숏폼 중에서도 상위권임.",0
"연출부터 음악까지 너무 완벽하다.",0
"시간 순삭… 10번은 돌려봄.",0
"임팩트 미쳤다 영상미 실화냐.",0
"이런 감성 너무 좋아… 계속해주세요.",0
"짧은데 감성 꽉 찼다… 대박.",0
"아 이 사람 뜬다 진짜…",0
"댓글 반응 보니까 다들 공감하네ㅋㅋ",0
text,label
"와 이 영상 진짜 미쳤네ㅋㅋ 이런 퀄리티면 그냥 인정이지 ㅇㅇ",0
"이 사람 편집 센스 뭐냐… 개쩐다;",0
"솔직히 이런 콘텐츠는 흥해야 한다. 너무 잘 만듦.",0
"아 ㅋㅋ 이 정도면 그냥 레전드 박아야지",0
"웃겨 죽겠네 진짜ㅋㅋ 오늘 스트레스 다 풀렸다",0
"편집 빵빵 터지네 또 오겠습니다 선생님",0
"뭔데 이렇게 감성 터지냐… 미친 감동이다",0
"ㄹㅇ 요즘 본 영상 중에 제일 퀄 좋은 듯",0
"진짜 고생한 티 난다… 이런 콘텐츠 존버하자",0
"아니 이건 그냥 가야지 좋아요 박았습니다",0
"와 이딴 걸 영상이라고 올림? 수준 무엇;",1
"아 ㅋㅋ 진짜 못 만든다… 보다가 껐음",1
"편집 개판에 내용도 없고 뭐하자는 건지?",1
"광고 박제하려고 만든 영상 같은데요? 노잼",1
"도대체 뭘 말하려는 거임? 개헛소리인데",1
"아 ㅋㅋ 무슨 전문가인 척하네 역겨움",1
"영상 퀄리티 바닥 찍었네 그냥",1
"개오바… 보고 빡쳐서 댓글 남김",1
"이 정도 퀄이면 차라리 올리지마… 제발",1
"콘셉트도 개뜬금없고 재미도 없고 그냥 최악",1
"뭐 좋지도 나쁘지도 않음… 걍 스크롤 넘김",2
"음… 이게 왜 화제인지 잘 모르겠네",2
"웃긴데…? 그런가? 잘 모르겠는데 그냥 봄",2
"흥미롭긴 한데 평가하기 좀 애매하다",2
"그냥 무난한 영상… 특징 없음ㅋㅋ",2
"이거 좋아해야 할지 욕해야 할지 모를 느낌",2
"호불호 갈릴 듯. 난 그냥 중간.",2
"정보 같기도 하고 아닌 것 같기도 하고 묘함",2
"딱 중립임. 감정이 안 생김 그냥.",2
"뭔가 의도는 알겠는데 잘 모르겠엉",2
"아니 ㅋㅋ 이 장면 개터짐 미친ㅋㅋㅋ",0
"영상 올라오는 거 볼 때마다 퀄 미쳤다니까 진짜",0
"누가 편집했냐… 천재냐",0
"이런 짧은 영상에서 감동이 날 줄은 몰랐다;;",0
"아이디어가 개신박함 ㅇㅈ?",0
"이 컨셉 계속 밀어주라 제발",0
"영상 분위기 너무 좋다 기깔나네",0
"한 번 보려고 클릭했는데 10번 돌려봤다 미친",0
"진짜 재능 낭비하지 말고 계속 만들어줘요",0
"크리에이터님 성장각 보인다 이건",0
"아 ㅋㅋ 또 낚였네 썸네일 사기치는 거 레전드",1
"와 이 텐션 뭐냐;; 보다 보면 멀미남",1
"편집 너무 정신없어서 토할 뻔함",1
"음질 왜 이런데;; 뭐하신 거죠?",1
"사실관계 틀린 거 개많은데ㅋㅋ 공부 좀요",1
"아니 진짜 이런 영상이 추천에 뜨냐?",1
"저퀄에 고퀄인 척하는 게 제일 싫음",1
"보고나니까 시간 버린 느낌… 빡친다",1
"이런 콘텐츠는 좀 걸러주세요 부탁임",1
"댓글들 왜 칭찬함? 나만 별로임?",1
"음… 생각보다 나쁘진 않은데 막 좋지도 않음",2
"웃기긴 한데 극호는 아니고 그냥 봄",2
"이해는 하는데 공감까진 안 감",2
"짧아서 좋긴 한데 너무 짧아서 모름",2
"가볍게 보기엔 괜찮은데 평가보류",2
"어떤 사람은 좋아할 듯 난 그냥 중립",2
"콘셉트는 알겠는데 완성도가 애매함",2
"그냥 평범 그 자체임…",2
"고퀄도 아니고 저퀄도 아니고 애매한 포지션",2
"일단 저장은 함… 근데 왜 저장했는진 모름",2
"와 이거 진짜 ㅋㅋㅋㅋ 개웃김 미친",0
"너무 잘 만든다 진짜… 프로다 프로",0
"짧은데 임팩트 쩌네 인정할 수밖에",0
"요즘 숏폼 중에 이 정도 센스 드문데",0
"아니 편집자님 누구시냐… 스카웃해야 함",0
"콘텐츠 감성 미쳤다고 한 번 더 말함",0
"진짜 이런 유형 좋아함 계속해주세요",0
"에너지 넘치고 센스 넘치고 다 넘치네",0
"재능이 넘쳐흘러서 부러움…",0
"여기 채널 진짜 뜰 거임 이건 확신함",0
"영상 진짜 유익하네요! 또 올게요",0
"배송도 빠르고 품질도 좋아요",0
"글이 자세해서 정말 도움됐어요",0
"이게 뭐냐 진짜 개별로네",1
"사기당한 느낌… 돈 아까움",1
"광고 냄새 너무 나는데?",1
"그냥 무난한 영상이었어요",2
"제품은 평범합니다",2
"딱히 느낌 없네요",2
"설명이 정말 친절해서 좋았어요!",0
"가격 대비 만족스럽습니다",0
"정보가 잘 정리되어 있네요",0
"편집 개엉망 뭐냐",1
"진짜 쓰레기 제품이네",1
"하나도 도움 안 됨",1
"그냥 그럭저럭 봤습니다",2
"특징이 특별하진 않네요",2
"무난하게 읽고 갑니다",2
"채널 퀄리티가 매번 좋아요!",0
"리뷰 보고 샀는데 진짜 만족!",0
"덕분에 문제 해결했습니다",0
"씨발 왜 이렇게 버벅거리냐",1
"존나 느려서 빡침",1
"이딴 리뷰는 왜 쓰는 거냐",1
"뭐 나쁘지도 좋지도 않은 영상",2
"그냥 쓸만한 정도",2
"보통 수준이에요",2
"이번 영상도 최고였어요!",0
"기대 이상으로 좋았어요",0
"글이 깔끔해서 좋아요",0
"개지루하다 진짜",1
"사진이랑 완전 다르네",1
"시간 낭비였음",1
"무난하게 잘 봤습니다",2
"그냥 참고용으로 괜찮음",2
"특별한 건 없었음",2
"설명이 명확해서 너무 좋네요!",0
"품질 괜찮고 배송도 빠름",0
"글 퀄리티 좋아요",0
"씨발 뭐냐 이 편집",1
"돈값 못함 개빡침",1
"내용 수준 너무 떨어짐",1
"그냥 평범했어요",2
"보통이에요",2
"딱 무난한 후기",2
"늘 좋은 콘텐츠 감사합니다!",0
"이 가격에 이런 퀄이면 만족",0
"충분히 참고할 만한 정보네요",0
"개노잼이다 진짜",1
"이렇게 허접한 제품 처음봄",1
"다 거짓말 같음",1
"뭐 그냥 그랬음",2
"보통의 제품이에요",2
"딱히 느낌 없음",2
"유익하고 재밌는 영상입니다!",0
"가성비 최고네요",0
"글이 잘 읽혀서 좋네요",0
"개짜증나게 버벅거림",1
"진짜 좆같은 구매 경험",1
"정보가 틀림 개판임",1
"그냥저냥 볼만했어요",2
"특별할 건 없어요",2
"무난한 리뷰였음",2
"설명이 깔끔하네요!",0
"품질 좋아서 만족!",0
"세부 설명이 좋아요",0
"존나 복잡해서 이해 안 됨",1
"개싸구려 냄새남",1
"그냥 광고글이네",1
"평범한 영상이네요",2
"쓸만한 편임",2
"읽을만했음",2
"이번 편 진짜 잘 만드셨네요!",0
"포장도 튼튼하고 만족합니다",0
"사진 설명까지 완벽했어요",0
"진짜 답답한 영상;;",1
"환불하고 싶다 씨발",1
"글 수준 너무 낮음",1
"뭐 그냥 무난했음",2
"기능이 평범합니다",2
"특별한 건 없음",2
"진짜 도움 많이 됐어요!",0
"기대 이상으로 좋았음",0
"잘 정리된 정보네요",0
"개별로임 진심",1
"품질 개쓰레기",1
"이런 글은 의미 없음",1
"그냥저냥 볼만함",2
"보통이에요",2
"무난한 후기임",2
"너무 친절한 설명 감사합니다",0
"배송 빨라서 좋았음!",0
"참고하기 좋은 정보였어요",0
"씨발 이해가 1도 안 됨",1
"제품 상태 보고 현타 옴",1
"엉망진창 글이네",1
"뭐 그냥 평범",2
"보통 수준",2
"그냥 그럼",2
"설명이 정말 이해하기 쉬웠어요",0
"구매하고 너무 만족 중입니다",0
"글 정리가 깔끔해서 보기 좋네요",0
"왜 이렇게 엉망이냐 진짜",1
"돈만 버렸네 개빡친다",1
"하나도 도움 안 되는 글",1
"그냥 평범한 느낌이었어요",2
"딱히 인상적이지 않음",2
"보통 수준의 제품",2
"영상 퀄리티가 점점 좋아지네요",0
"구성품도 괜찮고 가격도 적당해요",0
"글 내용이 생각보다 유익했어요",0
"진짜 실망스럽다 이건",1
"품질 보고 현타 왔음",1
"뭔 소리인지 하나도 모르겠네",1
"그냥저냥 볼만한 정도",2
"큰 특징은 없었어요",2
"보통으로 사용할 만함",2
"설명이 차분해서 좋네요",0
"기능이 꽤 괜찮습니다",0
"리뷰 덕분에 결정하는 데 도움 됐어요",0
"개짜증나는 사용감이었음",1
"설명 조잡해서 이해 안 됨",1
"절대 비추… 돈 버림",1
"평범한 경험이었어요",2
"그럭저럭 사용할 만함",2
"그냥 참고만 하세요",2
"친절한 설명 덕분에 따라하기 쉬웠어요",0
"생각보다 튼튼하고 괜찮아요",0
"진짜 만족스러운 구매였음",0
"존나 구림 뭐임 이거",1
"영상 구조 개엉망진창",1
"시간 아까운 수준",1
"그냥 무난했어요",2
"지나가듯 본 느낌",2
"크게 기억에 남지 않음",2
"감사합니다 큰 도움 됐어요!",0
"정말 만족합니다 또 구매할게요",0
"글도 친절하고 사진도 좋아요",0
"개별로 진짜",1
"환불하고 싶을 정도로 별로임",1
"진짜 불친절한 설명이네",1
"그냥저냥 그렇습니다",2
"여느 제품과 비슷함",2
"나쁘지도 않음 좋지도 않음",2
"설명 깔끔하고 보기 좋았어요",0
"제품 퀄리티 좋네요",0
"글 내용이 알차고 정확함",0
"구성품 개싸구려… 실망",1
"품질 검수 제대로 안 했네",1
"뭐 하나 좋은 게 없네",1
"보통으로 쓸 수 있어요",2
"큰 문제는 없었음",2
"딱 무난한 제품",2
"영상 퀄 좋은데요?",0
"설명도 선명하고 좋았습니다",0
"리뷰 신뢰가 가네요",0
"존나 별로인데 왜 추천함?",1
"품질이 너무 허접함",1
"하… 진짜 빡친다",1
"그냥 썩 나쁘진 않음",2
"보통 정도는 됨",2
"그럭저럭 괜찮음",2
"유용한 정보 잘 봤습니다",0
"제품 상태 완전 만족",0
"글 내용이 디테일해서 좋아요",0
"개판임 진짜",1
"영상 흐름이 너무 어수선함",1
"제품 설명이 엉터리임",1
"평범한 수준이었음",2
"기능은 무난함",2
"특징은 딱히 없음",2
"도움 되는 부분이 많아요",0
"기능이 생각보다 괜찮네요",0
"글이 잘 정리돼 있어서 보기 좋음",0
"씨발 뭐 이런 제품이 다 있냐",1
"구매 완전 후회함",1
"쓰기도 불편하고 품질도 별로",1
"그냥 참고로 볼만함",2
"보통이에요",2
"나쁘진 않음",2
"설명도 좋고 퀄도 좋네요",0
"이 가격에 이 정도면 훌륭해요",0
"기대 이상으로 만족스러움",0
"진짜 개어이없음",1
"설명이 너무 불친절함",1
"품질 상태 문제 있음",1
"그럭저럭 쓸만해요",2
"보통 사용감",2
"특별한 장점은 없음",2
"덕분에 잘 이해했어요",0
"정확해서 너무 좋았음",0
"글 퀄리티 진짜 좋네요",0
"품질이 개판이네",1
"영상이 왜 이 모양이냐",1
"하나도 도움 안 됨 ㅋㅋ",1
"평범하게 사용할 만함",2
"그냥 그런 느낌",2
"특별히 나쁜 건 없음",2
"너무 친절하고 자세함",0
"설명 듣기 편했어요",0
"제품도 튼튼하고 좋음",0
"개복잡하네 진짜",1
"이딴 걸 왜 추천하는 거냐",1
"설명은 엉성하고 품질은 별로",1
"그럭저럭 괜찮은 편이에요",2
"기능은 보통 수준",2
"평범한 퀄리티",2
"정말 도움 많이 됐습니다!",0
"설명대로라서 믿고 샀어요",0
"글이 깔끔하고 보기 좋았음",0
"좆같이 느림 진짜",1
"개허접한 퀄리티",1
"설명도 개판임",1
"그냥저냥 그렇네요",2
"보통 정도에요",2
"딱히 특별한 점 없음",2
"설명이 깔끔해서 이해가 잘 됐어요",0
"제품도 튼튼하고 만족합니다",0
"글 내용이 알차서 보기 좋았음",0
"이게 뭐냐 진짜 어이없네",1
"돈 버린 느낌이라 너무 화남",1
"설명이 병신같이 복잡함",1
"그냥 평범하게 볼만했어요",2
"무난한 사용감입니다",2
"특징은 딱히 없어요",2
"정말 친절하게 설명해주셨네요",0
"구성도 괜찮고 품질도 훌륭함",0
"리뷰 내용이 신뢰가 가요",0
"개노답 제품 뭐냐 이거",1
"하나도 도움 안 되는 리뷰임",1
"구매하고 바로 후회함",1
"그냥 그런대로 쓸만함",2
"보통 수준의 퀄리티네요",2
"크게 인상적인 건 없었음",2
"덕분에 잘 이해하고 갑니다!",0
"생각보다 좋은 제품이네요",0
"설명 흐름이 자연스러워요",0
"개쓰레기 수준의 품질",1
"진짜 빡치는 경험이었다",1
"왜 이렇게 형편없냐",1
"무난하게 볼 수 있었음",2
"평범한 내용이었어요",2
"특출난 점은 없었어요",2
"영상 퀄리티가 좋아서 보기 좋음",0
"정확한 설명 덕분에 이해됨",0
"구매하길 잘했어요!",0
"존나 별로임 다시는 안 삼",1
"씨발 이건 선 넘었지",1
"하나도 이해가 안 되네",1
"나쁘진 않고 무난함",2
"기능은 보통 정도",2
"그냥저냥 사용할 만함",2
"정말 만족스럽습니다!",0
"글 구조가 깔끔해서 좋아요",0
"품질도 좋고 배송도 빨랐음",0
"개판난 제품이네요",1
"친절함이라고는 없네",1
"완전 허접함",1
"그냥 무난한 느낌",2
"딱히 언급할 건 없음",2
"그럭저럭 평범해요",2
"정보가 정확해서 좋습니다",0
"설명 방식이 부드럽고 이해 쉬움",0
"기능도 좋아요",0
"품질이 왜 이 모양인지 모르겠음",1
"개빡쳐서 말이 안 나옴",1
"설명부터 쓰레기임",1
"그냥 보통 수준이에요",2
"특별한 건 아니었음",2
"딱 무난한 정도",2
"덕분에 해결됐습니다 감사합니다",0
"사용감이 생각보다 좋아요",0
"내용도 정리가 잘 돼 있음",0
"존나 쓰기 불편함",1
"개허접해서 실망함",1
"품질 검수 안 했냐?",1
"뭐 그냥 평범합니다",2
"보통 퀄리티",2
"기능은 그럭저럭",2
"정말 퀄리티 좋은 영상",0
"친절한 설명 너무 좋았어요",0
"기능도 만족스럽습니다",0
"좆같은 오류 때문에 못 쓰겠음",1
"영상 흐름 너무 이상함",1
"구매하고 현타 왔음",1
"그냥저냥 괜찮습니다",2
"그럭저럭 사용할 수 있어요",2
"크게 문제는 없음",2
"도움 많이 됐어요!",0
"내용도 정확해서 좋음",0
"구매 만족도 높습니다",0
"쓰레기 퀄리티 그 자체",1
"존나 복잡해서 환멸남",1
"설명도 조잡함",1
"평범하게 사용할 수 있음",2
"한동안 쓰다보니 적응됨",2
"나쁘지 않은 퀄리티",2
"정보 구조가 명확해서 너무 좋음",0
"설명도 부드럽고 이해 쉬움",0
"품질이 좋아 만족스러움",0
"하나도 좋은 점이 없음",1
"이해하기 힘들게 만들어놨네",1
"존나 애매하게 설명함",1
"평범한 느낌이었음",2
"그럭저럭 무난함",2
"딱히 특별한 점 없음",2
"설명이 잘 돼 있어 따라하기 쉬웠어요",0
"기능 하나하나가 만족스러움",0
"영상 구성이 좋아요",0
"씨발 뭐 이런 걸 팔아",1
"제품 상태 보고 충격 먹음",1
"하자가 너무 심하네",1
"평범하게 쓸만해요",2
"그냥 적당함",2
"보통 제품이에요",2
"오늘 영상도 너무 좋았습니다!",0
"정말 추천하고 싶은 제품",0
"글도 차분해서 좋음",0
"이딴 퀄리티는 처음 봄",1
"개노답 제품임",1
"진짜 실망 그 자체",1
"딱 그 정도의 제품",2
"평소와 비슷한 느낌",2
"그냥 무난한 리뷰",2
"설명 흐름이 자연스럽고 보기 좋음",0
"구성도 좋고 품질도 훌륭함",0
"내용이 풍부해서 좋았어요",0
"하나도 마음에 안 듦",1
"씨발 존나 별로임",1
"영상이 개판임",1
"그냥저냥 봐줄 만함",2
"평범한 영상 퀄리티",2
"딱히 특별히 좋지도 않음",2
"설명이 너무 친절해서 이해 쏙쏙 됨",0
"제품 효율이 훌륭하네요",0
"글도 깔끔하게 잘 작성됨",0
"좆같이 헷갈리게 설명함",1
"기능도 엉망이고 품질도 쓰레기",1
"구매한 거 후회중",1
"무난한 사용감이었음",2
"보통의 퀄리티",2
"기능은 그럭저럭 편함",2
"완전 만족합니다!",0
"기대했던 것보다 훨씬 좋음",0
"내용도 충분히 알차요",0
"개열받는 사용감이었음",1
"말이 안 되는 설명임",1
"품질 저하가 너무 심함",1
"그럭저럭 사용할 만함",2
"보통 수준이에요",2
"딱히 문제는 없음",2
"정확히 알고 넘어갈 수 있어 좋음",0
"설명 들으면서 바로 이해됨",0
"제품도 잘 작동함",0
"개쓰레기 같은 기능임",1
"불량 수준인데?",1
"영상내용이 허접함",1
"평범한 경험이었음",2
"그냥저냥 볼만함",2
"특별한 기능은 없음",2
"설명이 정말 명확해서 이해가 잘 돼요",0
"제품 사용감도 아주 만족스럽습니다",0
"글이 깔끔하게 정리되어 좋네요",0
"진짜 어이없네 뭐 이런 제품이 다 있어",1
"돈만 날렸네 개빡침",1
"설명이 개판이라 하나도 모르겠음",1
"무난하게 사용할 만했어요",2
"그냥 평범한 수준",2
"크게 특별한 건 없었음",2
"덕분에 많이 배워갑니다!",0
"정확한 정보 덕분에 큰 도움 됐어요",0
"영상 퀄리티 좋아서 만족함",0
"씹창난 제품 때문에 열받음",1
"진짜 개별로다… 다시는 안 삼",1
"설명도 못하고 난리네",1
"그냥 그럭저럭 봐줄만함",2
"평범한 퀄리티",2
"무난한 내용",2
"너무 친절하게 설명해주셔서 감사해요",0
"제품 튼튼하고 기능도 좋네요",0
"글 내용이 충실해서 보기 좋음",0
"개쓰레기라 기분만 나쁘네",1
"하자 투성이 제품임",1
"짜증나서 못 쓰겠음",1
"그냥 그런 느낌이에요",2
"보통 수준의 내용입니다",2
"특별히 인상 깊진 않음",2
"정말 도움 많이 됐습니다!",0
"기능도 좋고 만족스러워요",0
"설명 순서도 자연스럽네요",0
"씨발 뭐 이런 설명이 다 있어",1
"제품 쓰다가 현타 왔음",1
"구성도 엉망임",1
"그럭저럭 사용할 만해요",2
"그냥 평범한 수준이에요",2
"크게 문제 없었음",2
"너무 친절하고 완벽한 설명이에요",0
"기능도 훌륭하고 사용하기 편함",0
"정확하게 안내해줘서 좋았어요",0
"좆같아서 환불하고 싶음",1
"영상 퀄리티 개판임",1
"제품 품질 완전 별로임",1
"나쁘진 않고 무난함",2
"평범하게 볼 수 있음",2
"기능은 보통 수준",2
"설명이 깔끔해서 너무 좋았어요",0
"기대 이상으로 좋은 제품입니다",0
"글 내용이 알차네요",0
"개쓸모없는 기능 넣어놨네",1
"진짜 빡치게 만들었네",1
"설명이 모자라서 이해 안 됨",1
"그냥 중간 정도 제품",2
"딱히 특별할 건 없음",2
"그럭저럭 괜찮았음",2
"정말 최고였어요 감사합니다",0
"기능 완전 마음에 들어요",0
"정확하고 친절한 설명 감사합니다",0
"개허접함 진짜",1
"왜 이렇게 별로인지 모르겠음",1
"설명 부족해서 짜증남",1
"그냥저냥 그런대로 쓸만함",2
"무난한 느낌",2
"딱히 문제는 없었음",2
"영상 퀄리티도 좋고 설명도 좋아요",0
"제품 가성비도 괜찮음",0
"글도 잘 설명되어 좋네요",0
"이건 좀 선 넘었다 씨발",1
"쓰다보니 개빡침",1
"품질이 너무 허접함",1
"그냥 평범하게 사용 가능",2
"특별히 좋지도 나쁘지도 않음",2
"무난한 수준입니다",2
"정확한 설명으로 이해 완벽",0
"기능 하나하나 만족스러움",0
"제품도 튼튼하고 괜찮네요",0
"진짜 어이없는 제품 퀄리티임",1
"설명 들으면 더 헷갈림",1
"하자 있고 완전 쓰레기임",1
"평범한 느낌이었음",2
"보통 퀄리티예요",2
"사용하기 무난했음",2
"친절하게 잘 안내해줘서 좋았어요",0
"영상 퀄리티가 엄청 좋네요",0
"문제가 있을 줄 알았는데 없어서 만족",0
"개복잡해서 환장하겠네",1
"씨발 왜 이렇게 별로임?",1
"쓰고 바로 후회함",1
"그럭저럭 나쁘진 않음",2
"평균 정도의 퀄리티",2
"딱 적당함",2
"정말 유익한 설명 감사합니다",0
"기능도 정확히 작동함",0
"글이 논리적으로 잘 짜였음",0
"좆같이 헷갈리는 기능임",1
"품질 문제 많음",1
"왜 이런 걸 파냐",1
"그냥 무난하게 쓸 수 있음",2
"보통 정도였음",2
"특별한 건 없음",2
"덕분에 쉽게 따라할 수 있었어요",0
"설명이 간단해서 좋네요",0
"사용감도 좋음",0
"개쓰레기라 화만 남",1
"퀄리티 진짜 별로임",1
"하나도 이해가 안 돼서 짜증남",1
"평범한 수준입니다",2
"그냥 그런 느낌이에요",2
"문제 없이 사용 가능",2
"설명이 좋아서 금방 이해했어요",0
"제품 만족도도 높은 편",0
"글이 깔끔해서 보기 좋음",0
"뭐 이런 쓰레기가 다 있냐",1
"진짜 구매하고 후회함",1
"완전 엉망임",1
"그냥 보통인데?",2
"사용하기 무난함",2
"딱히 특별한 점 없음",2
"정말 알기 쉽게 설명해줘서 좋음",0
"영상 구성도 좋아요",0
"품질도 괜찮음",0
"좆같아서 다시는 안 삼",1
"이해하기 어렵게 만들어놨네",1
"말이 안 되는 기능임",1
"그럭저럭 잘 쓰고 있음",2
"보통의 사용감",2
"무난하게 사용할 수 있어요",2
"너무 완벽하게 설명해줘서 감동받음",0
"제품 효율이 좋아요",0
"글도 이해하기 쉬웠음",0
"개판난 설명 뭐냐",1
"이딴 걸 왜 파냐 ㅋㅋ",1
"진짜 개실망함",1
"그냥 평균 정도임",2
"특별히 문제 없음",2
"적당한 퀄리티",2
"정확하게 알려줘서 좋았어요",0
"기능이 생각보다 좋음",0
"제품도 만족스럽습니다",0
"개허접해서 못 쓰겠음",1
"설명 난잡함",1
"퀄리티 진짜 떨어짐",1
"평범하게 사용 가능했음",2
"그냥 그런대로 괜찮음",2
"기능은 큰 문제 없음",2
"설명이 편해서 따라하기 쉬웠어요",0
"사용감도 만족스럽습니다",0
"글 내용이 체계적이라 이해 쉬움",0
"이건 진짜 씨발 너무 별로다",1
"돈만 버렸네 진짜 빡침",1
"설명부터 조잡함",1
"그냥 무난하게 볼 만함",2
"평범한 제품이에요",2
"그럭저럭 쓸 수 있음",2
"너무 이해가 잘 돼서 좋았어요",0
"기능도 기대 이상입니다",0
"정보 전달이 명확해서 좋네요",0
"개쓰레기라서 화남",1
"왜 이렇게 퀄이 떨어지냐",1
"진짜 최악임",1
"그냥 보통 수준임",2
"그럭저럭 괜찮았어요",2
"딱히 문제 없음",2
"설명 너무 잘하세요 최고입니다",0
"품질도 좋고 기능도 완벽함",0
"구매 만족도가 매우 높아요",0
"좆같아서 더 보고 싶지도 않다",1
"설명이 불친절함",1
"하자 너무 심함",1
"그냥 무난한 수준이에요",2
"여느 제품과 비슷함",2
"평범하게 사용 가능함",2
"너무 유익한 내용 감사합니다",0
"기대했던 것보다 좋네요",0
"글 퀄리티 좋음",0
"진짜 좆같이 만든 제품",1
"개복잡함 진심",1
"설명이 너무 별로임",1
"그냥 그런 느낌이에요",2
"무난하게 쓸만해요",2
"도중에 끊김 없으면 더 좋을 듯",2
"정확한 정보 감사합니다",0
"기능이 생각보다 좋아요",0
"제품 상태 양호함",0
"어이가 없네 이건",1
"품질이 개판임",1
"진짜 사지 마라",1
"보통의 경험이었음",2
"나쁘지 않음",2
"그럭저럭 무난함",2
"친절한 설명 덕분에 이해됨",0
"성능도 만족스러움",0
"기본 기능 이상으로 잘 작동함",0
"개노답이라 답답함",1
"또는 품질이 형편없음",1
"존나 별로임",1
"그냥 평범",2
"딱히 특별한 점 없음",2
"보통 수준이라 괜찮음",2
"설명 들으면서 바로 이해됐어요",0
"너무 완벽하게 정리돼서 보기 좋음",0
"제품 품질도 좋음",0
"개쓰레기 수준임",1
"쓰기도 불편함",1
"혼란스럽기만 한 설명",1
"무난한 내용입니다",2
"그럭저럭 볼 만함",2
"기능이 나쁘진 않음",2
"정말 명확한 설명 감사합니다",0
"사용감 너무 좋아요",0
"정확하고 깔끔한 리뷰네요",0
"씨발 뭐 이런 식이냐",1
"영상 퀄 하락이 심함",1
"품질 완전 최악",1
"평범한 영상이었음",2
"나쁘진 않음",2
"그냥 그런대로 괜찮음",2
"너무 유익해서 저장해둠",0
"기능 설명도 좋아요",0
"글 구조가 논리적임",0
"좆같은 구성 뭐냐",1
"하나도 이해가 안 됨",1
"사용감 불편함",1
"평범함",2
"문제 없이 사용 가능",2
"그럭저럭 괜찮음",2
"정확한 정보라 신뢰감 있음",0
"제품도 잘 작동해서 만족",0
"친절한 리뷰 감사합니다",0
"품질이 너무 구림",1
"퀄리티가 떨어짐",1
"짜증나서 못 쓰겠음",1
"보통 정도의 성능",2
"근데 딱히 특별한 건 없음",2
"그냥 무난함",2
"설명 정말 최고네요",0
"너무 잘 가르쳐주심",0
"기능도 훌륭함",0
"개판났네 진짜",1
"품질 상태가 엉망임",1
"환불각임",1
"딱 평균적인 제품",2
"특별한 건 없음",2
"보통 수준임",2
"정확하고 이해 쉬움",0
"설명이 너무 잘 돼 있음",0
"제품 만족도 꽤 높음",0
"씨발 하나도 도움 안 됨",1
"설명이 난잡함",1
"품질도 쓰레기임",1
"그럭저럭 쓸만함",2
"보통 정도입니다",2
"안 좋은 것도 아님",2
"너무 유용하고 좋았습니다",0
"기능이 기대 이상임",0
"정보가 정확함",0
"무슨 개소리인지 모르겠음",1
"진짜 최악의 경험이었음",1
"쓰고 혈압 오른 수준",1
"평범하게 만족함",2
"크게 특별할 건 없음",2
"그냥 무난하게 볼 만함",2
"너무 친절하고 유익했어요",0
"사용감도 좋고 만족함",0
"정리도 잘 돼 있음",0
"개좆같은 사용감",1
"제품 품질이 너무 별로",1
"진짜 망한 제품임",1
"그럭저럭 괜찮아요",2
"보통의 퀄리티예요",2
"특별한 문제 없음",2
"유익한 설명 감사합니다",0
"기능도 좋고 퀄리티도 좋네요",0
"설명도 명확함",0
"좆같아서 쓰다가 버림",1
"품질 저하가 너무 심함",1
"정말 별로였음",1
"평범한 사용 경험",2
"그냥 그런 느낌이에요",2
"무난한 사용감",2
"너무 좋았어요 감사합니다",0
"기능이 생각보다 좋았음",0
"정확하고 유익한 정보네요",0
"개판임 씹창났음",1
"왜 이렇게 별로인지 모르겠음",1
"만족스러운 부분이 없음",1
"그냥저냥 쓸만했음",2
"평범하게 무난함",2
"특징은 딱히 없음",2
"설명이 이해하기 쉬워서 좋았어요",0
"제품이 생각보다 튼튼해서 좋았어요",0
"너무 친절하게 알려주셔서 감사합니다",0
"진짜 개쓰레기임 다시는 안 삼",1
"왜 이렇게 별로냐 씨발",1
"설명이 불친절해서 짜증남",1
"그냥 무난하게 사용할 만함",2
"평범한 수준이에요",2
"그럭저럭 쓸 수 있어요",2
"덕분에 이해가 잘 됐어요!",0
"기능이 만족스럽습니다",0
"사용감도 좋아요",0
"제품 퀄리티가 너무 떨어짐",1
"진짜 좆같은 경험이었음",1
"하나도 도움이 안 됨",1
"그냥 그런 느낌입니다",2
"딱히 특별하진 않아요",2
"평범한 제품이에요",2
"설명이 명확해서 좋아요",0
"구매하길 잘한 것 같습니다",0
"정확한 리뷰 감사합니다",0
"품질이 개판임 진짜",1
"돈 버린 느낌이라 화남",1
"설명이 난잡해서 이해 안 됨",1
"그럭저럭 나쁘진 않아요",2
"보통 사용감입니다",2
"특징은 없음",2
"너무 유익한 영상 감사합니다",0
"사용감이 생각보다 좋음",0
"기대 이상으로 만족합니다",0
"쓰레기 퀄리티 뭐냐",1
"제품 상태 보고 현타 옴",1
"하나도 좋지 않음",1
"그냥 평범해요",2
"특별한 건 없음",2
"보통이에요",2
"정확하게 설명해주셔서 감사해요",0
"품질도 좋고 기능도 좋네요",0
"설명 흐름이 자연스러움",0
"설명부터 개판임",1
"개쓰레기라 화남",1
"이게 뭐냐 싶은 수준",1
"무난하게 사용할 수 있음",2
"평범한 리뷰네요",2
"그냥 보통입니다",2
"너무 친절하게 설명했어요",0
"기능 완전 좋아요",0
"글 정리가 잘 되어 있음",0
"품질이 왜 이 모양인지",1
"하자 투성이임",1
"짜증나서 못 쓰겠음",1
"그럭저럭 괜찮아요",2
"평균 정도의 제품",2
"나쁘지 않은 수준",2
"진짜 도움 많이 됐어요!",0
"사용 방법도 쉬웠음",0
"리뷰 신뢰감 있음",0
"이딴 걸 왜 팔아 씨발",1
"좆같이 불편함",1
"품질 쓰레기임",1
"그냥저냥 사용할 만함",2
"보통의 퀄리티네요",2
"그럭저럭 괜찮았음",2
"설명이 너무 좋아요",0
"제품 성능이 만족스러움",0
"너무 잘 설명해줘서 좋아요",0
"완전 별로라 기분나쁨",1
"사고 후회함",1
"설명도 엉망임",1
"그냥 중간 정도임",2
"딱히 특별한 건 없음",2
"평범하게 사용 가능",2
"너무 유익해서 저장함",0
"친절하고 이해 쉬움",0
"기능도 잘 작동함",0
"좆같은 사용감",1
"퀄리티 낮음",1
"짜증나는 기능들임",1
"딱 평균 정도",2
"그럭저럭 볼만함",2
"특정 장점은 없음",2
"설명 최고입니다",0
"기능이 너무 좋아요",0
"정리하고 설명 잘 해줌",0
"개판난 제품",1
"존나 별로임",1
"진짜 실망함",1
"평범하게 무난함",2
"보통 수준임",2
"그냥 평균적임",2
"정확하고 깔끔한 설명이에요",0
"사용감 너무 좋았어요",0
"기능적 측면도 만족",0
"이건 선 넘었음 씨발",1
"도저히 이해 안 됨",1
"퀄리티가 심각하게 낮음",1
"그냥 써볼 만함",2
"평범하게 괜찮음",2
"나쁘지 않아요",2
"설명이 너무 친절해서 감동",0
"제품이 꽤 좋아요",0
"글이 정돈되어 좋네요",0
"존나 빡침 유발함",1
"개쓰레기 수준",1
"하자 있음",1
"그냥 이 정도면 됨",2
"쓸만한 수준",2
"문제 없는 듯",2
"너무 고마운 리뷰였습니다",0
"설명 구조가 보기 좋음",0
"알기 쉽게 설명됨",0
"씨발 화나서 못 쓰겠음",1
"이해 안 되고 난잡함",1
"퀄리티 떨어짐",1
"그냥저냥 평범함",2
"그럭저럭 만족함",2
"평범하게 사용했음",2
"정확한 리뷰라 신뢰됨",0
"설명이 잘 되어 있음",0
"사용감 좋음",0
"좆같은 오류 있음",1
"하나도 쓸 데 없음",1
"화만 나는 제품",1
"그냥 그런대로 쓸만함",2
"보통내기 수준임",2
"가성비는 있음",2
"너무 좋았어요",0
"정확하게 안내해줘서 좋음",0
"내용이 깔끔함",0
"개별로임 진심",1
"설명도 안 되고 형편없음",1
"짜증나게 만든 제품",1
"그냥 보통이에요",2
"나쁘진 않아요",2
"문제 없이 사용 가능함",2
"정말 최고였어요",0
"설명 센스가 좋음",0
"사용하기 편함",0
"완전 개판임",1
"품질 낮아서 쓰기 싫음",1
"다시는 안 살 듯",1
"보통정도 만족",2
"특이점 없었음",2
"딱 무난한 수준임",2
"너무 유익하고 잘 설명했어요",0
"사용성도 좋은 편임",0
"내용 알차서 좋음",0
"존나 엉망임",1
"설명 개복잡함",1
"개열받음",1
"그냥저냥 괜찮아요",2
"평범하게 사용 가능했음",2
"무난하게 괜찮음",2
"정확한 리뷰 감사합니다",0
"정말 예시가 잘 되어 있음",0
"설명이 쉬워서 좋음",0
"하자 많음 씨발",1
"품질이 너무 허접함",1
"사용 중 화남",1
"설명이 이해가 잘 되어서 너무 좋았어요",0
"사용감도 만족스럽고 품질도 좋아요",0
"정확하게 설명해줘서 도움이 되었어요",0
"진짜 개별로라 기분 나쁨",1
"씨발 뭐 이런 걸 팔아",1
"하나도 이해가 안 됨",1
"평범하게 사용할 수 있는 수준이에요",2
"그럭저럭 쓸 만합니다",2
"딱히 특별한 기능은 없었어요",2
"너무 유익한 설명 감사합니다",0
"구매 만족도가 굉장히 높아요",0
"기능도 안정적이고 좋습니다",0
"품질이 개판이라 화남",1
"진짜 쓰레기 수준의 제품임",1
"설명이 너무 부족함",1
"그냥 평범한 느낌이었어요",2
"사용하는 데 큰 문제 없었어요",2
"무난한 제품입니다",2
"설명 방식이 너무 친절해서 좋았어요",0
"성능도 좋고 디자인도 마음에 들어요",0
"너무 잘 알려주셔서 감사해요",0
"정말 이해 안 되는 설명임",1
"돈 아까워서 화남",1
"쓰면 쓸수록 불편함",1
"평범하게 사용 가능함",2
"특별히 불편한 점은 없었어요",2
"보통 수준입니다",2
"덕분에 잘 이해하고 갑니다",0
"내용이 정확해서 신뢰가 가요",0
"너무 유용해서 좋았습니다",0
"개쓰레기라 다시는 안 씀",1
"품질 문제 심함",1
"짜증나서 못 쓰겠음",1
" 나쁘지 않고 그냥 무난함",2
"평균적인 성능입니다",2
"무난하게 사용할 수 있어요",2
"설명이 깔끔해서 좋았습니다",0
"구매하길 잘한 제품이에요",0
"정확한 정보 감사합니다",0
"씨발 개별로임",1
"도저히 이해가 안 됨",1
"설명도 제대로 안 됨",1
"그냥 무난한 제품이었어요",2
"딱 보통이에요",2
"기능은 충분히 쓸만함",2
"설명이 친절해서 너무 좋았어요",0
"제품 품질이 생각보다 좋았어요",0
"사용이 편해서 만족함",0
"이딴 걸 왜 파는지 이해 불가",1
"존나 별로임",1
"품질이 형편없음",1
"평범하게 사용할 만해요",2
"무난한 기능이에요",2
"딱히 특별한 점은 없음",2
"너무 유익하고 설명이 좋아요",0
"기대 이상으로 좋은 제품이었어요",0
"문장도 정리가 잘 되어 있어요",0
"정말 최악의 경험이었음",1
"하나도 도움 안 됨",1
"이해가 안 돼서 스트레스 받음",1
"평범한 리뷰였습니다",2
"보통 수준이라고 보면 됨",2
"나쁘진 않아요",2
"너무 명확하게 설명해줘서 좋음",0
"기능이 생각보다 탄탄함",0
"사용성도 좋습니다",0
"완전 쓰레기임",1
"설명 흐름 개판임",1
"다시는 안 살 것 같음",1
"괜찮은 편이에요",2
"평범하게 쓸 수 있음",2
"문제는 딱히 없음",2
"덕분에 쉽게 이해했습니다",0
"친절한 설명 너무 고마워요",0
"품질도 안정적입니다",0
"진짜 좆같은 제품임",1
"이해가 안 돼서 더 화남",1
"설명이 난잡함",1
"그냥 평범한 수준임",2
"쓰기에 나쁘지 않음",2
"그럭저럭 괜찮았어요",2
"정말 최고의 설명이었어요",0
"기능도 기대 이상으로 좋음",0
"너무 친절하고 잘 가르쳐줌",0
"애초에 설계가 개판임",1
"퀄 낮아서 짜증남",1
"하나도 좋은 게 없음",1
"평범함",2
"그냥저냥 사용할 수 있음",2
"문제 없이 작동함",2
"정확하고 깔끔한 설명 감사합니다",0
"기능이 아주 만족스러움",0
"사용하기도 편리함",0
"개판이라 화만 남",1
"쓰레기 품질",1
"설명이 전혀 도움이 안 됨",1
"딱 평균 정도 성능",2
"보통 성능이에요",2
"그럭저럭 쓸만해요",2
"너무 유익한 리뷰였습니다",0
"설명도 좋고 정보도 정확함",0
"품질적 안정성도 높음",0
"씨발 이건 진짜 아닌데",1
"완전 별로임",1
"퀄리티 많이 떨어짐",1
"평범하게 사용할 수준",2
"그냥 무난해요",2
"특이한 점은 없었음",2
"설명이 너무 명확하고 좋아요",0
"기능도 훌륭함",0
"사용감도 만족스럽네요",0
"존나 빡치게 만들었음",1
"쓰다보면 짜증만 남",1
"완전 실망스러운 제품임",1
"그냥 보통",2
"그럭저럭 만족합니다",2
"문제 없이 사용 중",2
"너무 잘 설명하셔서 쉽게 이해됨",0
"정말 감사한 리뷰입니다",0
"기능도 만족스럽습니다",0
"개쓰레기라 쓰기 싫음",1
"하자 너무 심함",1
"짜증나는 요소가 많음",1
"평범하게 사용 가능함",2
"그럭저럭 평범함",2
"나쁘지 않은 선택",2
"너무 좋았던 리뷰였습니다",0
"정확하고 친절한 설명",0
"제품도 마음에 들어요",0
"씨발 쓰레기 퀄임",1
"설명도 제대로 안 됨",1
"하나도 이해 못했음",1
"평범하게 괜찮았음",2
"쓸만한 제품이에요",2
"기능은 보통 수준",2
"진짜 최고였어요",0
"설명이 기가 막히게 좋음",0
"사용감 너무 좋습니다",0
"진짜 최악이라 화남",1
"개판으로 만들어짐",1
"품질도 형편없음",1
"평범한 성능입니다",2
"무난하게 쓸 수 있어요",2
"그냥 그런 제품",2
"설명이 너무 친절해서 이해가 빨리 됐어요",0
"제품 품질이 좋아서 만족했어요",0
"정확한 설명 덕분에 큰 도움 됐습니다",0
"진짜 개별로라서 추천 못함",1
"씨발 이건 사면 안 된다",1
"설명이 너무 부족해서 이해 안 됨",1
"그냥저냥 사용할 수 있는 정도에요",2
"평범하게 쓸 수 있는 제품",2
"딱히 특별한 점은 없어요",2
"덕분에 이해가 훨씬 쉬워졌어요",0
"사용감도 좋고 품질도 괜찮아요",0
"기능도 정상적으로 잘 작동합니다",0
"품질이 진짜 엉망임",1
"완전 쓰레기라 실망함",1
"하나도 도움이 안 돼서 짜증남",1
"평범한 제품이었어요",2
"그럭저럭 나쁘진 않았어요",2
"문제 없이 사용 가능해요",2
"너무 자세하게 설명해줘서 좋았어요",0
"기능이 좋아서 만족도가 높아요",0
"정말 고마운 리뷰였습니다",0
"씨발 뭐 이딴 기능이 다 있냐",1
"정말 최악의 퀄리티임",1
"보는 내내 짜증났음",1
"무난하게 사용할 수 있음",2
"보통 성능입니다",2
"평균적인 제품이에요",2
"너무 명확하고 친절한 설명이에요",0
"이 가격에 이 정도면 매우 만족",0
"설명 덕분에 쉽게 이해했어요",0
"개쓰레기라 환불함",1
"품질 문제가 너무 심함",1
"설명이 난잡해서 더 헷갈림",1
"평범한 느낌이에요",2
"그냥 무난함",2
"사용하기 나쁘지 않은 수준",2
"설명이 자연스럽고 보기 좋았어요",0
"기능적인 면이 우수합니다",0
"영상 퀄리티도 좋았습니다",0
"완전 개판임 추천 불가",1
"다시는 안 살 제품임",1
"하나도 이해 안 돼서 화남",1
"그냥 평범하게 쓸만함",2
"딱히 기억에 남진 않음",2
"무난한 경험이었어요",2
"정말 유익하고 이해가 쉬웠어요",0
"품질이 좋고 사용도 편리함",0
"너무 만족스러운 제품입니다",0
"씨발 진짜 열받는 제품임",1
"퀄리티가 형편없음",1
"기능이 제대로 작동 안 됨",1
"평범하게 사용할 수 있어요",2
"그럭저럭 괜찮았던 제품",2
"특징은 별로 없었음",2
"덕분에 빠르게 이해했어요",0
"정확하고 친절한 설명 감사합니다",0
"기능도 만족스러워요",0
"좆같아서 쓰기 싫음",1
"진짜 별로였음",1
"설명이 더 복잡하게 느껴짐",1
"평범한 품질의 제품이에요",2
"뭐 큰 문제는 없었음",2
"나쁘지도 좋지도 않았음",2
"설명이 너무 잘 되어 있어서 좋았어요",0
"정확한 정보 제공 감사해요",0
"사용성도 충분히 좋은 편",0
"씨발 개같이 만들어놨네",1
"품질이 너무 떨어져서 실망함",1
"하나도 의미 없는 설명임",1
"나쁘지 않은 선택이었음",2
"그럭저럭 만족했어요",2
"평범한 기능이에요",2
"설명이 너무 깔끔하고 알기 쉬움",0
"기능이 탄탄해서 좋음",0
"제품도 퀄리티가 좋았어요",0
"이딴 걸 왜 파냐 진짜",1
"정말 못 만든 제품임",1
"개빡치게 만드는 기능들",1
"평범하게 쓸 수 있는 정도",2
"딱히 불편함은 없었어요",2
"그냥 무난한 품질",2
"너무 유익해서 주변에 추천함",0
"기능 설명이 아주 좋았어요",0
"사용감도 마음에 들어요",0
"진짜 별로라서 화남",1
"하자투성이임",1
"품질이 너무 구림",1
"딱 평균적인 성능",2
"그냥 보통 수준이에요",2
"무난하게 괜찮았음",2
"설명이 너무 명확해서 좋았어요",0
"제품 성능이 기대 이상임",0
"정말 만족스러운 설명",0
"좆같은 경험만 함",1
"만족스러운 부분이 하나도 없음",1
"쓰고 혈압 오름",1
"평범한 수준입니다",2
"특징은 없지만 쓸만함",2
"나쁘지 않은 성능이에요",2
"너무 친절하고 완벽한 설명입니다",0
"사용감이 아주 좋았어요",0
"정확한 정보가 도움 됨",0
"개판이라 쓰기 싫음",1
"품질이 너무 떨어져서 화남",1
"설명이 이해가 안 됨",1
"평범한 사용감이었어요",2
"그럭저럭 쓸 수 있었음",2
"문제 없이 사용 가능했음",2
"덕분에 쉽게 해결했어요",0
"설명 방식이 정말 좋았어요",0
"품질도 훌륭함",0
"쓰다보니 개빡침",1
"완전 쓰레기 제품",1
"진짜 최악임",1
"무난하게 사용할 수 있어요",2
"보통 수준의 품질이에요",2
"그냥 괜찮았어요",2
"너무 잘 설명해줘서 이해도 쉬움",0
"정확하고 알기 쉬운 리뷰였습니다",0
"기능도 기대보다 좋음",0
"개쓰레기 기능임",1
"하나도 작동 안 됨",1
"짜증 유발 제품",1
"평범한 구성임",2
"특별히 문제 없음",2
"무난하게 사용할 수 있었습니다",2
"설명이 정말 최고였어요",0
"사용하기 너무 편함",0
"정확한 설명 감사합니다",0
"개병신같은 제품임",1
"품질이 너무 엉망이라 화남",1
"도저히 쓸 수 없는 수준",1
"평범하게 만족함",2
"나쁘지 않은 선택이었음",2
"문제 없이 작동했어요",2
"정말 유익하고 좋은 정보였어요",0
"기능도 좋고 설명도 친절함",0
"너무 깔끔한 설명이었어요",0
"쓰레기 퀄리티 그 자체",1
"이해 안 되는 구조임",1
"진짜 개좆같음",1
"평범하게 사용할 수 있었어요",2
"그럭저럭 괜찮은 수준",2
"나쁘지 않게 쓸 수 있음",2
"설명이 너무 친절해서 바로 이해됐어요",0
"기능이 생각보다 훨씬 좋네요",0
"제품 품질도 만족스럽고 사용감도 좋아요",0
"진짜 개별로임 다시는 안 산다",1
"도저히 이해가 안 됨 씨발",1
"설명이 엉망이라 짜증만 남",1
"그냥 평범하게 쓸 만한 제품이에요",2
"나쁘지도 좋지도 않은 보통 수준",2
"큰 문제 없이 사용할 수 있음",2
"설명이 명확해서 너무 좋았어요",0
"정확한 리뷰 덕분에 도움 됐습니다",0
"기능이 잘 작동해서 만족스럽습니다",0
"이딴 걸 왜 팔아? 진짜 쓰레기임",1
"품질이 너무 나빠서 화남",1
"짜증 나는 요소들만 가득함",1
"평범하게 사용할 수 있습니다",2
"그럭저럭 괜찮네요",2
"딱히 특별한 점은 없어요",2
"너무 이해하기 쉽게 설명하셨어요",0
"제품 성능이 예상보다 좋아요",0
"너무 친절하게 알려주셔서 감사합니다",0
"완전 개판임 절대 비추",1
"쓰레기급 품질",1
"정말 최악이었음",1
"평범한 사용성입니다",2
"나쁘진 않아요 그냥 무난함",2
"딱 보통 수준이에요",2
"덕분에 빠르게 이해했어요",0
"설명이 꼼꼼하고 이해도 쉬움",0
"품질도 좋고 안정감도 있어요",0
"짜증만 나게 만드는 제품임",1
"하나도 도움이 안 됨",1
"설명이 부족해서 더 헷갈림",1
"평범한 제품이라고 보면 됨",2
"큰 특징은 없음",2
"그냥저냥 쓸 수 있음",2
"정말 유용하고 좋은 설명이었어요",0
"기능이 좋아서 만족합니다",0
"정확한 정보라서 신뢰가 갑니다",0
"좆같은 기능들만 넣어놨네",1
"품질이 너무 별로임",1
"하자 많은 제품임",1
"그럭저럭 쓸 만했습니다",2
"보통 정도의 품질이에요",2
"평범한 리뷰였습니다",2
"설명 센스가 너무 좋음",0
"사용성이 편리해서 좋아요",0
"제품이 기대 이상으로 좋았어요",0
"개쓰레기라서 바로 버림",1
"씨발 이건 아니다",1
"설명이 난잡해서 짜증만 남",1
"평범한 기능이에요",2
"그럭저럭 만족스러움",2
"딱히 문제는 없었음",2
"너무 친절해서 이해하기 쉬웠어요",0
"정확히 설명해줘서 고마워요",0
"기능 완성도가 높아요",0
"완전 별로였음 다시는 안 씀",1
"하나도 마음에 안 들었음",1
"품질 최악임",1
"평범하게 사용할 수 있음",2
"보통 퀄리티입니다",2
"사용하는 데 무난함",2
"덕분에 이해가 쉬워졌어요",0
"설명이 매우 명확하고 깔끔함",0
"내용이 정말 알찼어요",0
"진짜 좆같은 경험임",1
"하자투성이 제품",1
"짜증만 나는 기능들",1
"나쁘지 않은 선택이었어요",2
"그럭저럭 쓸 만해요",2
"딱히 특징은 없음",2
"설명이 아주 쉬워서 좋습니다",0
"기능도 좋고 만족스러워요",0
"정말 잘 설명해주셨어요",0
"쓰레기 퀄리티 그 자체",1
"진짜 개빡침",1
"설명도 이해가 안 됨",1
"평범한 수준이에요",2
"그냥 무난해요",2
"딱 보통이에요",2
"너무 유익하고 도움 됐습니다",0
"기능도 탄탄하고 좋음",0
"사용감도 훌륭합니다",0
"품질이 너무 나빠서 실망",1
"완전 개판으로 만들어짐",1
"씨발 이해 안 됨",1
"평범하게 사용할 수 있었어요",2
"그럭저럭 괜찮습니다",2
"큰 문제 없는 기본 기능",2
"정확하고 깔끔한 설명이에요",0
"너무 친절해서 정말 도움 됨",0
"사용성도 만족스러움",0
"이딴 쓰레기 처음 봄",1
"완전 쓰레기임",1
"진짜 실망스러운 제품",1
"평범한 경험이었습니다",2
"무난하게 사용할 수 있었음",2
"특이한 점은 없음",2
"설명이 너무 잘 되어 있어요",0
"정확한 리뷰라서 신뢰가 감",0
"기능적 완성도가 높음",0
"하자 너무 심함",1
"개노답 제품임",1
"짜증 유발 제품",1
"그냥 평균적인 제품입니다",2
"사용 가능하지만 특별하진 않음",2
"그럭저럭 쓸 수 있긴 함",2
"설명이 깔끔하고 알기 쉬움",0
"사용성이 매우 뛰어남",0
"너무 잘 알려줘서 좋음",0
"개쓰레기라 화남",1
"품질 저하가 심함",1
"완전 엉망인 구성",1
"평범하게 사용할 만함",2
"딱히 문제 없이 사용 가능",2
"그냥 무난한 수준",2
"너무 알기 쉽고 좋았어요",0
"기능이 정말 만족스러워요",0
"품질이 탄탄해서 좋았습니다",0
"이건 진짜 아니다 씨발",1
"설명도 최고로 별로임",1
"불편한 요소가 너무 많음",1
"평균 이상은 아님",2
"무난하게 쓸만함",2
"나쁘진 않은데 특별함도 없음",2
"정말 명확하게 설명해줘서 좋음",0
"설명도 너무 깔끔함",0
"사용감도 마음에 듦",0
"개빡쳐서 못 쓰겠음",1
"쓰레기 수준임",1
"하나도 제대로 작동 안 됨",1
"평범한 제품이에요",2
"적당히 쓸만함",2
"그냥저냥 나쁘지 않음",2
"설명 센스 미쳤음 너무 좋음",0
"너무 이해하기 쉬운 안내였어요",0
"기능 완성도 최고",0
"완전 개같은 제품임",1
"퀄리티 깨짐",1
"짜증나는 버그 있음",1
"평범한 성능이에요",2
"나쁘지 않은 기능임",2
"큰 문제 없이 작동함",2
"설명이 너무 명확해서 금방 이해됐어요",0
"기능이 안정적으로 동작해서 만족스럽습니다",0
"정말 도움이 많이 되었어요 감사합니다",0
"개별로라서 추천 절대 못함",1
"씨발 이런 걸 왜 팔아?",1
"내용이 너무 부족해서 이해 안 됨",1
"무난하게 사용할 수 있는 제품이에요",2
"특별한 문제는 없었어요",2
"평범하게 쓸 수 있습니다",2
"설명이 차분하고 이해가 쉬웠어요",0
"기능도 좋고 품질도 훌륭해요",0
"생각보다 훨씬 괜찮은 제품입니다",0
"진짜 최악의 쓰레기임",1
"품질 문제 너무 많음",1
"짜증나서 도중에 사용 포기함",1
"무난한 사용감이었습니다",2
"보통 퀄리티에요",2
"딱히 특징 없는 제품",2
"너무 친절하고 이해가 쉽게 설명해줌",0
"기능이 기대 이상이었어요",0
"정확하고 도움이 되는 리뷰입니다",0
"개노답이라 화남",1
"쓰레기랑 다름없음",1
"설명이 개판이라 하나도 모르겠음",1
"그럭저럭 쓸만한 성능",2
"평범하게 사용할 수 있음",2
"무난한 구성입니다",2
"유익하고 알찬 설명 감사해요",0
"사용감이 좋아서 만족 중입니다",0
"설명도 잘 되어 있어 기분 좋음",0
"씨발 이건 진짜 아니다",1
"구매하자마자 후회함",1
"품질이 너무 별로임",1
"딱히 나쁘지 않고 보통임",2
"평범한 경험이었어요",2
"그냥 무난했습니다",2
"너무 도움 되는 내용이었어요",0
"기능이 생각보다 훌륭합니다",0
"친절한 설명 감사드립니다",0
"개조잡한 기능들 때문에 빡침",1
"영상도 엉망이고 설명도 별로임",1
"정말 실망스러운 제품이에요",1
"평범한 성능의 제품입니다",2
"기능은 무난하게 작동됨",2
"문제는 없었어요",2
"정확한 정보로 도움 받았습니다",0
"너무 쉽게 이해할 수 있었어요",0
"기능이 튼튼해서 좋습니다",0
"개판난 제품 절대 비추",1
"하나도 이해 안 됨",1
"짜증나는 요소들만 있음",1
"그럭저럭 사용할 만한 제품",2
"평범하게 만족함",2
"사용하는 데 문제 없음",2
"정말 유익한 리뷰였습니다",0
"설명 흐름이 자연스럽고 좋음",0
"사용성도 좋아요",0
"씨발 뭐 이런 제품이 다 있냐",1
"완전 별로임 다시는 안 사",1
"화나서 쓰다 포기함",1
"그냥 무난하고 특별함은 없음",2
"평균 정도의 성능임",2
"쓸 만하긴 함",2
"덕분에 개념이 잘 잡혔어요",0
"설명이 친절해서 너무 좋았어요",0
"기능이 매끄럽게 작동합니다",0
"진짜 좆같은 경험이었음",1
"품질 저하가 너무 심함",1
"설명이 오히려 더 헷갈림",1
"괜찮은 수준의 제품이에요",2
"특별히 나쁜 건 없음",2
"보통 정도의 만족감",2
"너무 친절하고 완벽한 설명이었어요",0
"기능이 꽤 좋아서 만족함",0
"문장도 흐름도 모두 좋았습니다",0
"품질이 개판임",1
"화나는 요소가 너무 많음",1
"진짜 사용하기 힘듦",1
"그냥 평범했어요",2
"그럭저럭 괜찮았어요",2
"문제 없이 작동했음",2
"설명 덕분에 이해가 쉬웠어요",0
"정확한 안내 감사합니다",0
"사용법이 쉬워서 좋음",0
"개쓰레기라서 바로 버림",1
"이해가 전혀 안 됨",1
"퀄 부족함",1
"평범한 구성임",2
"나쁘지 않은 경험이었음",2
"그냥저냥 보통",2
"설명이 완벽해서 좋았습니다",0
"기능이 아주 좋았어요",0
"사용감도 안정적입니다",0
"좆같아서 다시는 안 사",1
"절대 추천 못할 정도",1
"짜증나는 버그 투성이",1
"무난하게 사용할 수 있었음",2
"보통 수준임",2
"중간 정도의 만족",2
"너무 유익하고 좋은 설명이었어요",0
"기능이 훌륭하고 만족스러워요",0
"설명이 쉽게 잘 되어 있음",0
"개노답 제품이라 빡침",1
"품질도 흐름도 개판임",1
"정말 쓰기 불편한 제품",1
"평범하게 만족했어요",2
"특징은 없지만 쓸만함",2
"보통 성능임",2
"너무 친절하고 명확한 설명",0
"기능도 뛰어남",0
"사용성도 마음에 듦",0
"씨발 말이 되냐 이게",1
"화가 치밀어 오르는 수준",1
"이해도 안 됨",1
"평균 정도의 제품이에요",2
"그럭저럭 나쁘지 않음",2
"괜찮은 선택이었음",2
"설명이 아주 깔끔하고 좋음",0
"너무 쉽게 이해됐어요",0
"정확하게 설명해준 느낌이라 좋음",0
"품질이 형편없어서 실망함",1
"짜증나는 포인트가 너무 많음",1
"완전 쓰레기임 진짜",1
"평범한 제품임",2
"나쁘지 않은 품질",2
"큰 문제는 없었음",2
"덕분에 도움이 많이 되었어요",0
"정확한 정보가 너무 좋네요",0
"사용감도 매우 좋습니다",0
"개판 난 수준이라 쓰기 어려움",1
"절망적인 퀄리티",1
"설명도 부족함",1
"평범하게 무난한 제품",2
"그럭저럭 사용할 수 있음",2
"딱히 특별한 문제 없음",2
"너무 유익한 안내였습니다",0
"기능이 생각보다 좋음",0
"사용 이해가 매우 쉬움",0
"설명이 너무 좋아서 금방 이해됐어요",0
"기능이 생각보다 훨씬 매끄럽게 작동해요",0
"정확하고 믿을 수 있는 설명 감사합니다",0
"개쓰레기라서 화만 난다 진짜",1
"씨발 이딴 제품 처음 봄",1
"설명이 너무 엉망이라 스트레스 받음",1
"평범하게 사용할 수 있는 수준이에요",2
"특별할 것도 없고 무난함",2
"그냥저냥 쓸 만합니다",2
"설명이 아주 명확해서 좋았습니다",0
"기능이 뛰어나서 만족스러워요",0
"설명 흐름이 잘 짜여 있어서 이해 쉬움",0
"진짜 최악의 쓰레기 제품임",1
"하나도 도움 안 됨",1
"사용하면서 욕이 절로 나옴",1
"나쁘진 않아요 그냥 보통임",2
"딱히 특별한 건 없음",2
"그럭저럭 괜찮았어요",2
"너무 친절하고 이해가 쉬웠어요",0
"정확한 정보 전달 감사드립니다",0
"기능이 정말 만족스럽습니다",0
"개판이라서 다시는 안 쓸 예정",1
"품질이 너무 떨어져서 실망함",1
"설명도 이상해서 더 헷갈림",1
"평범하게 사용할 수 있었어요",2
"그냥 무난한 제품이에요",2
"문제 없이 작동됩니다",2
"설명 방식이 너무 좋아서 기분 좋음",0
"사용성도 좋고 성능도 괜찮아요",0
"너무 유익한 설명 감사합니다",0
"씨발 진짜 열받는 퀄리티임",1
"퀄리티가 낮아서 화가 남",1
"기능 오류가 너무 많음",1
"보통 수준의 기능이에요",2
"나쁘지도 좋지도 않음",2
"그냥저냥 쓸만해요",2
"너무 쉽게 이해되었어요",0
"기능도 만족스럽고 품질도 좋음",0
"정확한 안내 덕분에 도움됐어요",0
"개노답이라서 사용 불가 수준",1
"설명이 어이없을 정도로 부족함",1
"짜증날 정도로 불편함",1
"평범한 경험이었어요",2
"딱히 눈에 띄지 않음",2
"문제 없이 사용할 수 있었음",2
"정확하고 명확한 설명입니다",0
"기능 하나하나가 만족스러움",0
"너무 잘 알려주셔서 이해 쉬움",0
"제품 자체가 개쓰레기임",1
"하자 많고 불편함",1
"설명 듣다 짜증났음",1
"평범하게 괜찮은 제품이에요",2
"그럭저럭 만족함",2
"평균 이상은 아님",2
"너무 친절해서 금방 이해됨",0
"기능이 우수해서 좋았어요",0
"설명도 깔끔하고 이해 쉬움",0
"쓰레기 퀄이라 바로 버림",1
"씨발 화나서 못 쓰겠음",1
"정말 실망스러운 제품",1
"딱 보통 정도의 기능",2
"평범하게 쓸 수 있는 수준",2
"문제는 큰 건 없었음",2
"덕분에 큰 도움이 되었습니다",0
"설명이 단순하고 명확함",0
"품질도 만족스러움",0
"좆같은 버그 투성이",1
"품질이 개판이라 화남",1
"설명도 부족하고 별로임",1
"평범한 수준이라 쓸 수 있음",2
"특별한 기능은 없음",2
"나쁘지 않게 사용할 만함",2
"너무 정확하게 설명해줘서 좋았어요",0
"기능이 꽤 좋아요",0
"설명도 이해하기 쉬웠습니다",0
"개쓰레기라 후회됨",1
"완전 별로라 절대 추천 못함",1
"짜증나는 요소가 많음",1
"평범하게 사용 가능함",2
"그럭저럭 적당함",2
"문제 없이 수행됨",2
"설명 내용이 알차고 좋았어요",0
"사용법도 아주 쉬움",0
"품질도 안정적입니다",0
"개노답 제품이라 포기함",1
"설명이 불친절해서 이해 안 됨",1
"완전 쓰레기 수준",1
"평범한 사용 경험이었어요",2
"딱히 나쁜 건 없음",2
"나쁘지 않게 쓸 수 있음",2
"정확한 리뷰라서 도움 많이 됨",0
"너무 친절하고 자세함",0
"사용성이 너무 좋아요",0
"씨발 이래서 욕먹는 거임",1
"퀄리티가 너무 떨어짐",1
"짜증나는 오류들이 많음",1
"그냥저냥 사용할 수 있어요",2
"나쁘진 않은데 특별함도 없음",2
"평범한 기능입니다",2
"덕분에 쉽게 해결했습니다",0
"설명이 완벽할 정도로 명확함",0
"기능도 훌륭하고 설명도 좋아요",0
"개같은 제품이네 진짜",1
"쓰레기 같은 기능들",1
"설명도 개판임",1
"평범하게 사용할 수 있었어요",2
"무난한 성능임",2
"그럭저럭 괜찮았음",2
"너무 유익하고 좋은 정보였어요",0
"기능도 매끄럽고 좋음",0
"정확한 정보 제공이 좋았습니다",0
"씨발 열받아서 못 쓰겠음",1
"설명이 부족하고 엉망임",1
"품질도 별로고 디자인도 구림",1
"평범한 퀄리티의 제품",2
"보통 수준이라 사용할 만함",2
"특별한 기능은 없음",2
"너무 잘 설명해줘서 편하게 봤어요",0
"기능이 튼튼하고 안정적임",0
"정확한 리뷰 감사합니다",0
"완전 최악이라 어이없음",1
"씨발 다음부터 이런 제품 사지 말아야지",1
"설명이 너무 부족함",1
"평범히 쓸 수 있는 정도",2
"쓰려면 쓸 수는 있음",2
"문제 없이 작동되는 편",2
"설명이 깔끔하고 이해 쉬움",0
"좋은 기능이 많아서 만족함",0
"너무 친절한 안내였어요",0
"개쓰레기 급품질",1
"실망감만 가득함",1
"짜증나는 설계 구조",1
"평범한 제품이라 무난함",2
"중간 정도의 사용감",2
"특별한 문제 없이 사용됨",2
"정말 설명이 좋아서 만족함",0
"기능도 부드럽게 잘 작동함",0
"친절한 리뷰 감사합니다",0
"개막장 퀄리티라 실망",1
"확실히 별로인 제품임",1
"사용하면 할수록 화남",1
"평범하게 사용할 만함",2
"그럭저럭 괜찮은 제품이에요",2
"문제 없는 품질입니다",2
"설명이 너무 정확해서 이해가 잘 됐어요",0
"너무 친절하게 알려주셔서 좋았습니다",0
"기능도 좋고 사용감도 만족스러워요",0
"진짜 쓰레기라서 다시는 안 산다",1
"씨발 이게 제품이냐?",1
"내용이 엉망이라서 이해가 더 안 됨",1
"평범하게 사용할 수 있는 수준이에요",2
"딱히 문제는 없었습니다",2
"그럭저럭 쓸 만합니다",2
"너무 쉽게 설명해줘서 좋았어요",0
"기능도 기대 이상으로 좋았어요",0
"품질도 안정적이고 만족스럽습니다",0
"개별로라서 욕이 절로 나옴",1
"하나도 도움이 안 됨",1
"완전 별로임 다시는 안 씀",1
"무난한 품질이에요",2
"평범하게 사용할 수 있어요",2
"나쁘지 않아요 그냥 보통임",2
"설명이 너무 잘 되어 있어서 좋았습니다",0
"정확히 설명해서 이해가 쉬웠어요",0
"사용감도 편하고 기능도 좋음",0
"진짜 개판이라서 열받음",1
"제품 퀄리티 너무 떨어짐",1
"설명은 있는데 설명이 아님",1
"그냥저냥 사용하는 데 문제 없음",2
"평범하게 무난함",2
"딱히 기억에 남는 부분 없음",2
"너무 친절한 리뷰라서 좋았어요",0
"기능이 잘 작동해서 만족스러워요",0
"유익한 정보 감사합니다",0
"씨발 이건 진짜 아니다",1
"설명이 더 혼란스럽게 만듦",1
"품질 상태가 너무 안 좋음",1
"평균 정도의 제품이에요",2
"그럭저럭 쓸 수 있어요",2
"딱 무난한 기능입니다",2
"설명이 너무 깔끔하고 명확함",0
"기능도 좋아서 기분 좋음",0
"친절한 설명 덕분에 이해 쉬움",0
"완전 쓰레기라 열받음",1
"짜증나는 요소가 너무 많음",1
"도저히 추천할 수 없는 제품",1
"평범한 리뷰였습니다",2
"보통 수준이라고 보면 됨",2
"그냥 평범해요",2
"정말 유익해서 다시 보고 싶음",0
"사용하기 편하고 기능도 좋아요",0
"정확하고 자세한 설명이 좋았습니다",0
"개노답 기능들 때문에 화남",1
"품질이 너무 떨어져서 실망함",1
"설명이 불친절해서 이해 불가",1
"평범하게 만족함",2
"그럭저럭 괜찮았음",2
"무난하게 사용할 수 있음",2
"너무 친절해서 큰 도움이 되었습니다",0
"기능도 제 역할을 잘 함",0
"정확한 분석이 돋보임",0
"씨발 욕 나오게 만드는 제품임",1
"하나도 작동 제대로 안 됨",1
"퀄리티가 개판임",1
"평범하게 사용할 정도는 됨",2
"딱히 큰 문제는 없음",2
"평범한 성능이에요",2
"덕분에 이해가 훨씬 쉬워졌어요",0
"내용이 알차고 좋았습니다",0
"설명도 친절해서 만족스러움",0
"씨발 돈 아까운 제품임",1
"화만 나는 구성임",1
"설명이 너무 형편없음",1
"평범한 기능입니다",2
"나쁘지 않은 경험이었어요",2
"무난한 품질이에요",2
"너무 명확하고 깔끔한 안내였어요",0
"사용성이 매우 좋아서 추천함",0
"기능도 훌륭해서 만족함",0
"개쓰레기라서 진짜 실망함",1
"하자 있는 제품이라 관리 필요함",1
"설명이 더 복잡하게 만듦",1
"평범하게 쓸만한 제품",2
"그럭저럭 만족스러움",2
"기본 기능은 모두 작동함",2
"설명이 단순하고 이해가 쉬웠어요",0
"비교 설명이 정말 좋았음",0
"기능이 안정적으로 잘 작동함",0
"씨발 이런 거 파는 사람 반성해라",1
"진짜 빡치는 제품임",1
"이해도 안 되고 기능도 개판",1
"평범한 선택지 중 하나임",2
"나쁘지 않게 사용할 수 있음",2
"딱 보통 수준입니다",2
"정확한 설명으로 해결됐어요",0
"너무 유익한 리뷰였습니다",0
"읽기 편하고 이해도 쉬웠음",0
"개노답이라 다시는 안 씀",1
"설명도 부족하고 퀄리티도 낮음",1
"완전 최악의 구성",1
"평범하게 사용할 수 있음",2
"나쁘지 않은 품질임",2
"기능은 보통이에요",2
"설명이 너무 좋아서 만족감 높음",0
"사용법도 쉽게 알려줌",0
"정확해서 신뢰가 됨",0
"씨발 화나서 못 봄",1
"품질이 엉망이라 쓸 수 없음",1
"설명이 산으로 감",1
"평범하게 봤어요",2
"그럭저럭 괜찮습니다",2
"나쁘진 않아요 그냥 무난함",2
"너무 깔끔하고 유익한 리뷰였어요",0
"기능이 훌륭하고 안정적이에요",0
"설명이 간단해서 이해 쉬움",0
"진짜 개쓰레기 수준임",1
"설명도 이상하고 퀄도 낮음",1
"짜증만 나는 영상이었음",1
"평범하게 쓸만함",2
"그냥 중간 정도임",2
"딱히 특별한 점 없음",2
"설명이 자연스럽고 쉽게 이해됨",0
"너무 친절해서 감동함",0
"기능이 기대 이상으로 좋음",0
"개같은 제품이라 화남",1
"완전 별로임 돈 낭비함",1
"설명 들으면서도 이해 안 됨",1
"평범하게 괜찮았어요",2
"나쁘지 않은 구성임",2
"쓰는 데 문제 없음",2
"정보가 명확해서 좋았습니다",0
"기능도 완성도 높음",0
"설명이 잘 돼 있어서 이해 쉬움",0
"개판이라 사용 포기함",1
"짜증나는 문제 많음",1
"품질도 부족하고 기능도 엉망",1
"평범한 경험이에요",2
"그럭저럭 괜찮은 제품임",2
"딱히 문제는 없음",2
"설명이 너무 완벽해서 이해 쉬움",0
"사용감도 좋고 추천할 만함",0
"너무 친절한 설명 감사합니다",0
"완전 최악의 쓰레기임",1
"씨발 이런 거 사지마라",1
"기능 오류로 스트레스 받음",1
"평범하게 사용할 만한 제품",2
"무난하게 작동함",2
"특별할 건 없지만 쓸 수 있음",2
"너무 유익하고 설명이 명확함",0
"기능도 탄탄하고 안정적임",0
"정확한 설명이 최고였음",0
"개쓰레기 수준이라 실망함",1
"하자투성이 제품임",1
"설명 자체가 부실함",1
"평범한 기능이라 사용할 수 있음",2
"나쁘지 않지만 특별한 건 없음",2
"적당히 쓸 수 있음",2
"설명이 너무 친절해서 정말 이해가 쉬웠어요",0
"기능도 뛰어나고 사용감도 좋습니다",0
"정확하게 설명해줘서 고마웠어요",0
"완전 쓰레기라서 돈 아까움",1
"씨발 진짜 별로임",1
"설명도 부족하고 기능도 개판임",1
"평범하게 사용할 만한 제품이에요",2
"딱히 특별한 문제는 없었어요",2
"그럭저럭 쓸 만한 정도입니다",2
"너무 유익해서 도움 많이 됐습니다",0
"설명이 깔끔하고 이해 쉬워요",0
"제품 성능도 상당히 좋았습니다",0
"개노답 제품이라 빡침",1
"설명도 이해 안 되고 구성도 별로임",1
"쓰면 쓸수록 화만 남",1
"평범하게 사용할 수 있습니다",2
"나쁘지 않게 사용할 수 있어요",2
"그냥 보통 수준이에요",2
"정확한 설명 덕분에 바로 이해됨",0
"기능도 좋고 안정성도 뛰어남",0
"너무 친절해서 기분 좋았어요",0
"씨발 도저히 이해가 안 됨",1
"완전 별로라서 다시는 안 산다",1
"퀄리티가 너무 떨어져서 실망함",1
"평범하고 무난한 제품임",2
"그럭저럭 사용할 수 있음",2
"기능은 평범한 편이에요",2
"너무 알기 쉽고 유익한 리뷰였어요",0
"설명 방식이 정말 좋았습니다",0
"내용이 정확해서 신뢰가 갔어요",0
"쓰레기라서 바로 버림",1
"짜증나는 점밖에 없음",1
"설명이 엉망이라 이해가 더 안 됨",1
"평균 정도의 성능이에요",2
"무난하게 사용할 수 있어요",2
"딱 보통 수준임",2
"너무 자세하게 설명해줘서 좋았어요",0
"기능이 생각보다 강력함",0
"설명이 친절해서 매우 만족스러움",0
"씨발 이건 진짜 아니다",1
"불량이 많아서 짜증남",1
"품질도 안 좋고 구성도 별로임",1
"평범하게 쓸 수 있는 정도",2
"그럭저럭 괜찮은 제품이에요",2
"큰 문제 없이 사용 가능함",2
"정말 유익한 설명 감사합니다",0
"기능도 훌륭하고 사용성도 좋음",0
"설명이 너무 잘 되어 있어요",0
"개쓰레기에 가까운 수준",1
"설명이 난잡하고 이해가 안 됨",1
"진짜 별로라 욕 나옴",1
"평범하게 사용하는 데 문제 없음",2
"보통 정도의 퀄리티",2
"그냥 무난한 느낌이에요",2
"설명이 이해하기 쉽게 되어 있음",0
"기능이 직관적이고 사용하기 좋음",0
"너무 친절한 설명이라 만족함",0
"씨발 이건 도저히 변명 불가",1
"품질 저하가 심함",1
"짜증나는 요소 많음",1
"평범한 수준입니다",2
"그럭저럭 괜찮았음",2
"특별한 문제 없이 사용됨",2
"정확한 설명으로 이해 쉬움",0
"사용법 안내가 너무 명확함",0
"기능이 안정적으로 작동함",0
"개판이라 사용하기 싫음",1
"별로라서 추천 절대 못함",1
"설명 자체가 부실함",1
"평범하고 무난한 구성",2
"나쁘지 않은 선택임",2
"그냥저냥 쓸 수 있음",2
"너무 유익해서 주변에도 추천함",0
"설명이 깔끔하고 알기 쉬움",0
"기능도 충분히 좋습니다",0
"개같은 오류 때문에 빡침",1
"품질은 진짜 최악임",1
"설명 듣다 현타 왔음",1
"평범하게 사용할 수 있었어요",2
"별 특징은 없지만 무난함",2
"나쁘지 않은 품질입니다",2
"정확하게 핵심만 설명해줘서 좋음",0
"설명이 쉬워서 너무 좋았어요",0
"사용감도 안정적입니다",0
"개쓰레기 기능 넣지 마라 제발",1
"설명이 이상하고 이해가 안 됨",1
"불편한 점이 너무 많음",1
"평범한 수준의 기능이에요",2
"그럭저럭 나쁘지 않음",2
"보통 정도 만족함",2
"너무 유익한 설명이었어요",0
"기능이 생각보다 좋음",0
"품질도 만족스러웠습니다",0
"개노답이라 열받음",1
"설명이 부족하고 비논리적임",1
"품질 상태가 엉망임",1
"평범하게 사용할 수 있음",2
"그냥 무난한 성능이에요",2
"큰 문제는 없었어요",2
"설명이 너무 알기 쉬워서 좋았습니다",0
"너무 친절한 리뷰였어요",0
"기능 하나하나가 매끄럽게 작동함",0
"개별로라서 도저히 추천 못함",1
"짜증나는 문제 투성이임",1
"사용하는 내내 화났음",1
"평범한 기능입니다",2
"특별히 좋은 건 없지만 무난함",2
"문제 없이 동작함",2
"너무 유익하고 도움되는 설명이에요",0
"기능도 훌륭하고 전반적으로 만족스러움",0
"사용성이 좋아서 추천할 만함",0
"씨발 이런 제품 파는 게 놀랍다",1
"도저히 쓸 수 없는 수준임",1
"설명이 더 헷갈림",1
"그냥 평범한 성능이에요",2
"그럭저럭 쓸만함",2
"무난하게 사용할 수 있었음",2
"너무 잘 알려줘서 이해 쉬웠어요",0
"기능 완성도가 높아서 만족함",0
"설명이 명확하고 직관적임",0
"개쓰레기 품질이라 실망함",1
"품질 떨어지고 설명도 별로임",1
"짜증만 나는 제품임",1
"평범하게 만족할 수 있음",2
"중간 정도의 품질임",2
"큰 문제 없이 사용됨",2
"너무 친절하고 자세한 설명이었어요",0
"기능이 매우 안정적임",0
"정확한 정보라서 도움 많이 됨",0
"개판 구조라 쓰기 힘듦",1
"하자 심하고 품질 구림",1
"설명이 난해해서 짜증남",1
"평범한 구성임",2
"무난하게 사용 가능함",2
"나쁘지 않은 경험이었어요",2
"설명이 너무 이해하기 쉽게 되어 있어서 좋았어요",0
"기능이 잘 작동해서 굉장히 만족했습니다",0
"친절한 설명 덕분에 금방 이해했어요",0
"진짜 쓰레기 제품임 다시는 안 산다",1
"씨발 이런 걸 돈 받고 파냐",1
"설명이 개판이라 이해가 전혀 안 됨",1
"평범하게 사용할 수 있는 제품이에요",2
"별 문제 없이 동작합니다",2
"그럭저럭 사용할 만합니다",2
"너무 유익해서 도움 많이 됐어요",0
"설명이 깔끔해서 좋았습니다",0
"기능도 안정적이고 품질도 좋네요",0
"완전 쓰레기라 화남",1
"설명도 부족하고 품질도 엉망임",1
"짜증나는 오류 투성이",1
"평범하게 쓸 수 있는 수준",2
"나쁘지 않은 품질이에요",2
"보통 정도로 사용할 수 있어요",2
"너무 친절하게 설명해줘서 좋았어요",0
"기능이 기대 이상으로 좋음",0
"설명도 알기 쉽게 잘 해주셨습니다",0
"씨발 이해가 하나도 안 돼",1
"이걸 제품이라고 부르기 민망함",1
"퀄리티 너무 떨어져서 실망함",1
"평범한 수준의 제품이에요",2
"큰 문제 없이 사용 가능함",2
"그냥저냥 무난했음",2
"너무 유익한 설명 감사합니다",0
"기능도 좋고 사용하기 편리함",0
"정확한 설명에 도움이 많이 됐습니다",0
"개판이라서 쓰다 포기함",1
"짜증 유발하는 디자인임",1
"설명이 불친절해서 짜증남",1
"평균 정도의 만족감",2
"무난하게 사용할 수 있어요",2
"딱히 특별한 문제 없음",2
"너무 명확하게 설명해줘서 좋았어요",0
"제품 기능이 탄탄해서 만족합니다",0
"친절한 설명이 인상적이었어요",0
"완전 별로임 절대 추천 안 함",1
"화나는 문제들이 너무 많음",1
"설명도 난잡하고 불편함",1
"평범한 수준입니다",2
"괜찮은 편이었어요",2
"기능은 보통 수준이에요",2
"유익하고 알기 쉬운 설명 감사합니다",0
"사용법도 너무 잘 설명해줌",0
"성능도 기대 이상이에요",0
"개쓰레기 같은 구성임",1
"하나도 도움이 안 되는 설명",1
"짜증만 나는 기능뿐임",1
"보통 수준으로 사용할 수 있음",2
"특징은 없지만 무난함",2
"그럭저럭 쓸 만해요",2
"설명이 너무 잘 정리되어 있음",0
"기능도 부드럽게 잘 작동함",0
"너무 명확해서 만족스러움",0
"개같이 만들어놓음",1
"설명이 이상해서 이해가 안 됨",1
"품질도 별로고 기능도 별로임",1
"평범하게 사용할 수 있었어요",2
"큰 단점은 없었음",2
"나쁘지 않게 사용할 수 있음",2
"너무 친절한 설명이었어요",0
"기능이 부드럽고 안정적임",0
"설명이 정돈되어 있어서 보기 좋음",0
"개노답 쓰레기임",1
"완전 별로임 돈 낭비함",1
"화를 유발하는 제품임",1
"평범한 제품으로 괜찮음",2
"딱히 문제는 느끼지 못함",2
"보통 성능입니다",2
"정확한 설명이 마음에 들었어요",0
"너무 유익한 리뷰였습니다",0
"설명이 쉽고 명확함",0
"씨발 두 번 다시 안 산다",1
"설명 방식 자체가 문제임",1
"기능도 엉망이고 품질도 쓰레기",1
"평범한 구성의 제품이에요",2
"적당히 사용할 만함",2
"무난하게 쓸 수 있음",2
"설명이 너무 잘 되어 있어 이해 쉬움",0
"기능도 좋고 설명도 좋네요",0
"사용감이 상당히 만족스러움",0
"진짜 개판이라 어이없음",1
"쓰면 쓸수록 짜증남",1
"설명이 개복잡해서 이해 불가",1
"평범한 수준이라 사용할 만해요",2
"그럭저럭 괜찮음",2
"딱히 주목할 만한 점 없음",2
"너무 잘 설명해서 이해도 쉬움",0
"기능이 매우 훌륭함",0
"안내가 친절해서 좋음",0
"개같은 구조 때문에 빡침",1
"설명이 엉망이라 도움이 안 됨",1
"품질이 생각 이상으로 별로임",1
"평범하게 사용할 수 있었습니다",2
"나쁘지 않은 제품이에요",2
"무난한 경험이었어요",2
"유익하고 정확한 설명 감사합니다",0
"설명이 너무 알기 쉬웠어요",0
"성능도 충분히 만족스러움",0
"개쓰레기 기능 집합임",1
"짜증나는 버그들이 많음",1
"설명도 제 역할을 못함",1
"평범하게 쓸 수 있음",2
"그럭저럭 평범함",2
"보통 정도 만족함",2
"너무 명확하게 설명해줘서 좋음",0
"사용성도 정말 좋았어요",0
"기능도 훌륭해서 만족했습니다",0
"진짜 쓰레기라 화남",1
"품질이 너무 구림",1
"하나도 이해가 안 되는 구조",1
"평범하게 만족할 수 있음",2
"나쁘지 않은 선택이었어요",2
"어느 정도 사용할만함",2
"너무 친절하고 유익했어요",0
"설명도 깔끔하고 정확함",0
"사용하기 편했습니다",0
"씨발 개같이 만들어놨네",1
"완전 최악임 다신 안 씀",1
"보는 내내 스트레스 받음",1
"평범한 기능이라 사용할 만함",2
"그럭저럭 쓸만한 제품",2
"큰 문제 없음",2
"너무 친절하고 이해가 잘 됨",0
"기능 완성도가 매우 높음",0
"설명 퀄리티가 정말 좋음",0
"개판이 따로 없음",1
"쓰레기 구성이라 짜증남",1
"품질이 전반적으로 엉망임",1
"평범하게 사용할 수 있어요",2
"중간 정도의 퀄리티",2
"문제 없이 작동함",2
"설명이 쉬워서 너무 좋았습니다",0
"사용하기 편하고 설명도 좋음",0
"기능이 충분히 괜찮아요",0
"씨발 이건 사기 수준임",1
"설명이 부족해서 빡침",1
"품질이 너무 별로임",1
"평범하게 봐줄 만함",2
"나쁘지 않게 사용할 수 있습니다",2
"무난한 품질입니다",2
"너무 친절해서 이해 쉬웠어요",0
"정확하게 설명해줘서 고마웠어요",0
"기능도 뛰어나고 만족스러움",0
"개같이 작동함",1
"설명도 이해가 안 됨",1
"짜증나서 도저히 못 쓰겠음",1
"평범하게 사용할 수 있었음",2
"무난한 사용감입니다",2
"딱히 특별한 문제 없음",2
"설명이 명확해서 이해가 한 번에 됐습니다",0
"기능이 정말 안정적으로 작동해서 만족스러워요",0
"너무 친절하게 알려주셔서 도움 많이 됐어요",0
"개쓰레기 제품이라서 절대 추천 못함",1
"씨발 왜 이렇게 엉망으로 만들어놨냐",1
"설명이 부족해서 이해가 전혀 안 됨",1
"평범하게 사용할 수 있는 기능이에요",2
"딱히 특별한 문제는 없었습니다",2
"그럭저럭 쓸 수 있을 정도입니다",2
"설명이 깔끔하고 쉽게 이해돼요",0
"기능도 좋고 설명도 좋아요",0
"품질이 안정적이라 매우 만족합니다",0
"완전 쓰레기라서 돈 아깝다",1
"설명도 엉망이고 기능도 개판임",1
"짜증나는 문제만 가득함",1
"평범하게 무난한 제품입니다",2
"나쁘진 않은데 뛰어나지도 않음",2
"보통 수준으로 사용할 수 있어요",2
"너무 상세해서 이해가 쉬웠어요",0
"기능 하나하나가 좋아서 만족",0
"설명이 친절하고 직관적이에요",0
"씨발 이딴 제품 두 번 다시 안 산다",1
"품질이 너무 구려서 열받음",1
"설명 듣고 더 헷갈림",1
"평균적인 성능이에요",2
"그럭저럭 적당히 쓸 만함",2
"특별한 장점은 없음",2
"설명이 너무 유익해서 좋았습니다",0
"기능도 훌륭하고 설명도 좋네요",0
"너무 친절하게 안내해줘서 좋았어요",0
"개판이라서 사용 불가 수준",1
"짜증나는 문제들이 많음",1
"하나도 이해가 안 되는 설명",1
"평범한 사용감입니다",2
"보통 수준이라 실사용 가능함",2
"무난하게 사용할 수 있습니다",2
"설명이 정확해서 도움 많이 됨",0
"너무 잘 설명해줘서 이해 쉬움",0
"기능도 안정적이어서 만족스러움",0
"개노답이라 쓰고 바로 버림",1
"설명도 구리고 기능도 허접함",1
"짜증나는 버그 때문에 못 쓰겠음",1
"평범한 정도는 됩니다",2
"딱히 문제는 없었음",2
"그럭저럭 나쁘지 않음",2
"너무 알기 쉬운 구조로 설명해줘서 좋음",0
"기능이 생각보다 훨씬 좋음",0
"내용이 정확해서 믿음이 갑니다",0
"씨발 도저히 쓸 수 없는 수준",1
"설명이 개판이라 도움 안 됨",1
"퀄리티가 너무 떨어짐",1
"평범하게 사용할 수 있어요",2
"나쁘진 않은 편이에요",2
"그냥저냥 무난해요",2
"설명이 명확하고 흐름이 좋아서 이해 쉬움",0
"기능도 좋고 안정적이에요",0
"너무 친절해서 보기 좋았음",0
"개같이 작동해서 욕 나옴",1
"설명도 부족하고 이해 안 됨",1
"화나는 문제들이 있음",1
"평범한 성능임",2
"무난하게 쓸 만함",2
"보통 정도 만족함",2
"너무 유익해서 다시 보고 싶었어요",0
"설명이 잘 정리돼 있어서 좋음",0
"기능이 기대 이상으로 탄탄함",0
"진짜 쓰레기라 화가 치밀어 오름",1
"완전 최악의 구성임",1
"설명이 난잡해서 이해 안 됨",1
"평범하게 사용할 수 있음",2
"나쁘지 않게 사용할 만함",2
"딱히 큰 불만 없음",2
"너무 친절하게 설명해줘서 좋았습니다",0
"기능이 매끄럽게 작동해요",0
"설명이 정확해서 신뢰됨",0
"개판이라서 열받음",1
"짜증 나는 설계 구조",1
"품질도 엉망임",1
"평범하게 사용할 정도는 됨",2
"큰 문제 없이 작동됨",2
"그럭저럭 괜찮습니다",2
"정확하고 알기 쉬운 설명이었어요",0
"기능도 좋고 사용감도 훌륭함",0
"너무 자세해서 이해 쉬움",0
"씨발 이딴 오류 때문에 못 쓰겠음",1
"완전 별로임 쓰지 마라",1
"하나도 이해 안 되는 구성",1
"평범한 사용 경험임",2
"그럭저럭 쓸 수 있음",2
"딱히 아쉬울 점은 없었음",2
"설명이 너무 이해하기 좋았습니다",0
"기능도 튼튼해서 만족했어요",0
"사용성도 최고였습니다",0
"하자투성이 제품이라 열받음",1
"설명이 개판임",1
"퀄리티 부족함",1
"평범한 성능이에요",2
"적당히 쓸 수 있는 제품",2
"나쁘지 않은 구성임",2
"너무 친절하고 유익함",0
"기능이 좋아서 만족스러움",0
"설명이 너무 명확함",0
"씨발 완전 별로임",1
"설명도 개헷갈림",1
"품질도 안 좋음",1
"평범하게 사용할 수 있었어요",2
"무난하게 쓸 수 있음",2
"보통 수준은 됨",2
"너무 이해가 쉬워서 좋았어요",0
"기능이 부드럽게 동작합니다",0
"정확한 설명이 정말 좋았어요",0
"개같은 버그 때문에 빡침",1
"설명이 부족하고 난해함",1
"사용 내내 짜증만 남",1
"평범한 기능이고 무난함",2
"그럭저럭 만족했어요",2
"큰 문제는 없었어요",2
"너무 친절하고 설명이 잘 되어 있음",0
"기능적 완성도가 좋음",0
"정확한 정보로 큰 도움 됨",0
"개판이라 답도 없음",1
"품질이 너무 허접함",1
"설명도 별로임",1
"평범하게 사용할 수 있습니다",2
"중간 정도 성능임",2
"나쁘지 않게 사용할 수 있어요",2
"설명이 너무 알기 쉽게 잘 되어 있어요",0
"기능도 좋고 매우 만족했어요",0
"설명도 차분하고 좋습니다",0
"씨발 욕 나오게 만드는 제품",1
"이해도 안 되고 짜증만 남",1
"퀄리티가 매우 낮음",1
"평범한 사용감이었어요",2
"그럭저럭 사용할 수 있었음",2
"무난하게 쓸만해요",2
"너무 유익하고 도움 많이 됐음",0
"기능도 확실히 좋네요",0
"설명이 명확해서 좋았어요",0
"개같은 구조 때문에 스트레스 받음",1
"설명도 부족하고 흐름도 별로임",1
"품질 문제 너무 많음",1
"평범하게 볼 만한 제품",2
"보통 수준의 기능 제공함",2
"나쁘지 않은 경험임",2
"설명이 너무 명확해서 금방 이해됐어요",0
"기능이 아주 안정적으로 작동합니다",0
"친절한 설명 덕분에 쉽게 따라 할 수 있었어요",0
"진짜 쓰레기임 다시는 안 씀",1
"씨발 이런 제품 왜 팔지?",1
"설명도 이해가 안 되고 불친절함",1
"평범하게 사용할 수 있는 품질입니다",2
"딱히 큰 문제는 없었어요",2
"그럭저럭 사용할 만함",2
"너무 친절하게 알려줘서 좋았어요",0
"기능이 생각 이상으로 괜찮아요",0
"설명이 부드럽고 이해 쉬움",0
"개판이라서 쓰다가 포기함",1
"짜증나는 문제들만 가득함",1
"하자투성이 제품임",1
"평범한 성능이라 무난함",2
"보통 수준이라 쓸 수 있음",2
"나쁘진 않지만 특별함도 없음",2
"정확하게 설명해줘서 정말 좋았습니다",0
"기능이 만족스러워요",0
"너무 쉽게 설명해줘서 이해됨",0
"씨발 이건 심각한 수준이다",1
"품질이 너무 떨어져서 실망함",1
"설명 듣고도 아무것도 모르겠음",1
"평범하게 사용할 정도로 괜찮음",2
"그럭저럭 괜찮은 성능이에요",2
"무난하게 사용할 수 있어요",2
"너무 유익한 리뷰였습니다",0
"사용감도 좋고 기능도 탄탄함",0
"명확하게 안내해줘서 고마움",0
"개같이 만들어서 사용 못함",1
"설명도 이상하고 기능도 별로임",1
"짜증나서 바로 삭제함",1
"평범하게 쓸 수 있는 제품이에요",2
"딱히 문제는 없고 적당함",2
"그냥 무난함",2
"설명이 차분하고 이해하기 좋아요",0
"기능이 매끄럽게 작동해서 좋았습니다",0
"너무 자세해서 도움 많이 됨",0
"개쓰레기라 화만 남",1
"구조도 엉망이고 설명도 별로임",1
"진짜 최악임 다시는 안 씀",1
"보통 수준의 품질이에요",2
"쓸 만한 정도입니다",2
"그럭저럭 괜찮았어요",2
"설명이 너무 깔끔해서 좋았어요",0
"기능이 좋아서 만족했어요",0
"정확한 정보라 신뢰됨",0
"씨발 도저히 추천 못함",1
"짜증나는 버그가 너무 많음",1
"설명도 산으로 감",1
"평범하게 사용할 만한 제품임",2
"나쁘지 않은 선택이었음",2
"무난하게 사용 가능함",2
"너무 알기 쉬운 설명 감사합니다",0
"기능이 튼튼해서 좋습니다",0
"사용성도 좋아요",0
"개노답이라 진짜 답이 없음",1
"설명이 부족해서 계속 헷갈림",1
"품질도 엉망임",1
"평범한 수준입니다",2
"그럭저럭 만족합니다",2
"보통 정도로 괜찮음",2
"너무 명확한 설명이어서 좋았습니다",0
"기능도 편리하고 만족스럽습니다",0
"너무 쉽게 이해할 수 있었어요",0
"개같아서 욕이 저절로 나옴",1
"쓰레기라서 바로 환불함",1
"짜증나는 점이 많음",1
"평범하게 사용할 수 있는 정도",2
"딱히 특이한 점 없음",2
"나쁘지 않음 그냥 보통임",2
"설명이 친절하고 따뜻한 느낌이에요",0
"기능도 무리 없이 잘 됩니다",0
"정확하게 설명해서 따라 하기 쉬움",0
"씨발 기능이 하나도 제대로 안 됨",1
"품질 문제 너무 심함",1
"설명도 도움 안 됨",1
"평범한 사용감이에요",2
"그럭저럭 쓸 수 있어요",2
"큰 문제 없이 작동함",2
"너무 유익하고 명확한 설명이었어요",0
"기능이 생각보다 좋아서 놀랐음",0
"설명이 정말 친절했습니다",0
"개판이라서 손도 대기 싫음",1
"설명이 개복잡함",1
"품질도 떨어지고 구성도 구림",1
"평범하게 쓸 수 있는 정도입니다",2
"나쁘지 않은 선택이었어요",2
"보통 성능이에요",2
"정말 이해하기 쉬운 설명이었어요",0
"기능이 뛰어나서 매우 만족함",0
"내용도 알차고 좋았습니다",0
"쓰레기라서 욕밖에 안 나옴",1
"설명이 부족해서 실망함",1
"짜증나서 다시는 안 씀",1
"평범하게 사용할 만함",2
"적당히 괜찮은 품질",2
"무난하게 잘 사용했음",2
"너무 친절한 설명 감사합니다",0
"기능도 설명도 완벽함",0
"정확하고 이해가 쉬워서 좋음",0
"개같은 구성에 실망함",1
"씨발 왜 이렇게 구려?",1
"설명이 아예 안 맞음",1
"평범한 제품이라 사용할 수 있음",2
"그럭저럭 무난한 기능",2
"보통 정도 만족했습니다",2
"너무 명확하고 깔끔한 설명이었어요",0
"기능이 좋고 사용하기 편합니다",0
"설명이 친절해서 이해 쉬움",0
"개노답이라서 쓰기 포기함",1
"짜증나는 점 너무 많음",1
"품질이 기대 이하임",1
"평범한 성능이라 괜찮음",2
"나쁘지 않은 사용감입니다",2
"큰 문제 없는 편이에요",2
"너무 유익해서 도움 많이 됐음",0
"기능이 부드럽게 작동합니다",0
"정확해서 신뢰가 갑니다",0
"도저히 이해 안 되는 쓰레기 설명",1
"설명도 허접하고 구성도 별로임",1
"품질 문제가 많아서 화남",1
"평범한 기능이고 무난함",2
"그럭저럭 괜찮은 편임",2
"보통 성능은 나옴",2
"설명도 깔끔해서 좋습니다",0
"기능이 생각 이상으로 좋네요",0
"너무 쉽게 이해되었어요",0
"개쓰레기라서 진짜 어이없음",1
"설명 방식 자체가 형편없음",1
"쓰는 내내 짜증만 남",1
"평범히 사용할 수 있음",2
"나쁘지 않게 쓸 수 있음",2
"그냥저냥 괜찮음",2
"너무 명확하게 정리해줘서 좋았어요",0
"기능도 탄탄하고 좋습니다",0
"설명이 정말 이해 잘 됨",0
"씨발 완전 돈 낭비함",1
"품질이 너무 별로라 화남",1
"설명도 하나도 도움이 안 됨",1
"평범한 제품이라 문제 없음",2
"적당히 사용할 수 있음",2
"그럭저럭 쓸만함",2
"설명이 너무 좋고 친절했습니다",0
"사용 법도 쉽게 알려줘서 좋음",0
"기능 설명이 정확했습니다",0
"개같은 오류 때문에 혈압 오름",1
"설명이 너무 부족함",1
"품질 떨어져서 실망함",1
"평범하게 사용할 수 있어요",2
"특별하진 않지만 괜찮음",2
"보통 퀄리티입니다",2
"너무 유익해서 큰 도움 됐어요",0
"기능도 좋고 꽤 만족스러움",0
"정확하게 설명해줘서 좋았습니다",0
"개판이라서 도저히 못 씀",1
"짜증나는 기능 투성이",1
"설명도 제대로 안 됨",1
"평범한 수준이라 쓸 수 있음",2
"나쁘진 않음",2
"딱히 문제 없음",2
"설명이 차분해서 이해하기 정말 쉬웠어요",0
"사용법을 너무 친절하게 설명해줘서 좋았습니다",0
"기능이 전반적으로 안정적이고 만족스러워요",0
"진짜 쓰레기임 다시는 이 브랜드 안 산다",1
"씨발 이런 걸 왜 팔아?",1
"설명이 부족해서 이해가 안 됨",1
"평범하게 사용할 수 있는 정도입니다",2
"딱히 문제 될 건 없어요",2
"그럭저럭 쓸 수 있어요",2
"너무 명확하고 친절한 설명입니다",0
"기능이 기대 이상으로 좋아요",0
"사용감도 좋고 설명도 알기 쉬움",0
"개판이라서 사용하자마자 후회함",1
"짜증나는 문제들만 가득함",1
"품질이 너무 구려서 화남",1
"평범하게 사용할 만한 제품입니다",2
"딱히 좋지도 나쁘지도 않음",2
"보통 정도의 사용감이에요",2
"설명이 매우 정확해서 좋았어요",0
"기능이 탄탄하고 만족스러워요",0
"너무 친절하게 안내해줘서 이해 쉬움",0
"씨발 이건 진짜 아니다",1
"하나도 이해가 안 되는 설명임",1
"쓰레기 품질이라 바로 버림",1
"평범한 성능이라 무난함",2
"그럭저럭 사용할 수 있음",2
"문제 없이 작동됨",2
"너무 유익한 내용이었어요",0
"기능이 매끄럽게 동작합니다",0
"차분한 설명이 마음에 듦",0
"개같은 오류 때문에 화남",1
"설명이 개판임",1
"퀄리티가 너무 떨어짐",1
"평범한 제품이라 쓸만해요",2
"적당히 괜찮은 수준입니다",2
"나쁘지 않은 성능이에요",2
"설명이 잘 정리돼 있어서 좋았습니다",0
"사용하기 편하고 기능도 좋음",0
"정확하고 알기 쉬운 설명이에요",0
"완전 쓰레기라서 화남",1
"짜증나는 결함이 너무 많음",1
"도저히 추천할 수 없는 품질",1
"평범한 수준으로 사용할 수 있음",2
"무난하게 잘 작동함",2
"보통 정도 만족함",2
"설명이 명확하고 도움됐습니다",0
"기능도 뛰어나고 설명도 좋음",0
"너무 친절한 리뷰였어요",0
"개쓰레기라서 욕밖에 안 나옴",1
"품질이 생각보다 더 최악임",1
"설명이 난잡해서 더 헷갈림",1
"평범한 구성의 제품이에요",2
"그럭저럭 쓸 수 있는 정도",2
"딱히 특별한 점은 없음",2
"설명이 너무 쉽고 이해 잘 됨",0
"기능이 안정적으로 잘 동작함",0
"설명이 자세해서 이해 쉬움",0
"씨발 진짜 어이없는 수준",1
"퀄리티 낮고 구성도 엉망임",1
"설명도 제대로 되어 있지 않음",1
"평범한 성능입니다",2
"사용하는 데 문제 없음",2
"나쁘지 않은 품질",2
"설명이 너무 이해하기 쉬웠어요",0
"기능도 부드럽게 작동함",0
"사용성도 좋아서 만족함",0
"개노답이라서 바로 환불함",1
"짜증 유발하는 사용감",1
"설명이 부족하고 혼란스러움",1
"평범하게 사용할 수 있었어요",2
"딱히 문제는 없었음",2
"무난한 경험이었어요",2
"설명이 친절하고 정확해서 좋았습니다",0
"기능도 만족스러움",0
"너무 쉽게 이해됐어요",0
"씨발 이건 사기다",1
"품질이 완전히 개판임",1
"설명이 전혀 이해 안 됨",1
"평범하게 사용할 수 있는 정도입니다",2
"나쁘지 않은 사용 경험",2
"그럭저럭 괜찮은 구성",2
"너무 유익하고 깔끔한 리뷰였습니다",0
"기능도 단단하고 좋음",0
"설명이 명확해서 바로 이해됨",0
"쓰레기라서 욕밖에 안 나옴",1
"진짜 개빡치는 제품임",1
"품질도 엉망이고 설계도 엉망임",1
"평범하게 쓸 수 있는 기능입니다",2
"중간 정도의 성능이에요",2
"특별한 문제 없음",2
"설명이 자세하고 알기 쉬움",0
"기능도 훌륭하고 만족스러움",0
"너무 친절해서 좋았어요",0
"개같은 오류 때문에 스트레스 받음",1
"설명이 더 혼란스럽게 만듦",1
"품질 자체가 문제임",1
"평범한 성능이라 사용할 만함",2
"그럭저럭 쓸 만함",2
"나쁘진 않음",2
"설명이 명확하고 쉽게 이해됨",0
"기능도 부드럽게 잘 됨",0
"정확해서 신뢰가 갑니다",0
"개쓰레기 구성이라 충격받음",1
"설명이 부족해서 이해가 안 됨",1
"짜증나는 부분 많음",1
"평범한 구성으로 사용 가능함",2
"딱히 나쁜 점 없음",2
"그냥 무난함",2
"설명도 쉽고 내용도 좋아요",0
"기능이 자연스럽게 작동함",0
"너무 유익했어요",0
"완전 최악이라 화남",1
"씨발 이런 품질은 처음 봄",1
"설명이 난잡하고 도움 안 됨",1
"평범하게 사용할 수 있음",2
"그럭저럭 괜찮음",2
"보통 수준입니다",2
"정확한 설명 덕분에 이해 쉬움",0
"기능도 안정적이라 좋았습니다",0
"너무 친절하게 알려줌",0
"개판이라 말이 안 나옴",1
"설명도 엉망이고 품질도 최악",1
"짜증나는 문제들이 많음",1
"평범하고 무난한 제품입니다",2
"보통 퀄리티입니다",2
"적당히 사용할 수 있음",2
"설명이 정말 깔끔해서 좋았어요",0
"기능도 좋고 만족스러워요",0
"사용성도 편하고 좋음",0
"개같아서 다시는 안 씀",1
"품질이 너무 별로임",1
"설명도 도움이 안 됨",1
"평범하게 쓸 만한 성능입니다",2
"그럭저럭 사용할 만함",2
"특별한 문제는 없었어요",2
"너무 친절하고 설명도 깔끔함",0
"기능도 꽤 우수함",0
"설명이 잘 되어 있어 좋음",0
"씨발 이건 완전 쓰레기야",1
"품질 수준이 매우 낮음",1
"설명이 부족하고 복잡함",1
"평범하게 사용할 수 있었음",2
"적당히 괜찮은 수준",2
"그냥 무난한 성능이에요",2
"너무 쉽게 이해됐습니다",0
"기능도 뛰어나고 설명도 좋았음",0
"정확한 설명이 큰 도움됨",0
"개쓰레기 제품이라 환불함",1
"짜증나는 버그가 너무 많음",1
"이해 안 되는 설명 때문에 힘들었음",1
"평범한 수준이에요",2
"나쁘지 않고 무난함",2
"그럭저럭 괜찮은 기능",2
"설명이 너무 명확하고 친절해서 정말 좋았습니다",0
"기능도 기대 이상으로 훌륭해요",0
"이해가 쏙쏙 되는 설명이었어요",0
"개쓰레기라서 진짜 화난다",1
"씨발 이런 품질은 처음 본다",1
"설명이 부족하고 엉망이라서 이해가 안 됨",1
"평범하게 사용할 수 있는 제품이에요",2
"딱히 큰 문제는 없는 편",2
"무난하게 쓸 만한 수준입니다",2
"너무 친절한 설명 덕분에 이해 쉬웠어요",0
"기능이 정말 부드럽고 좋습니다",0
"사용성도 매우 만족스러웠어요",0
"쓰레기 같은 구성이라 실망감 큼",1
"짜증나는 오류들이 너무 많음",1
"설명도 난잡해서 하나도 모르겠음",1
"평범한 사용감이었어요",2
"나쁘지 않고 적당한 수준입니다",2
"그럭저럭 쓸 수 있는 정도",2
"설명이 너무 좋고 정확해요",0
"기능이 안정적이라 만족도 높음",0
"설명 흐름이 자연스럽고 이해 쉬움",0
"개판이라서 사용할 가치 없음",1
"품질이 너무 구려서 짜증남",1
"개같은 버그 때문에 못 쓰겠음",1
"평범하게 사용할 수 있는 제품",2
"보통 수준이라 실사용 가능함",2
"딱히 특이한 점은 없음",2
"설명이 완전 최고였어요",0
"기능을 친절하게 설명해줘서 좋음",0
"너무 이해하기 쉬운 설명입니다",0
"씨발 왜 이렇게 구리냐",1
"설명이 제 역할을 못 함",1
"품질도 쓰레기고 구성도 엉망임",1
"평범하게 사용할 수 있어요",2
"그럭저럭 무난하게 사용 가능함",2
"적당히 괜찮아요",2
"설명이 아주 깔끔했어요",0
"기능도 완벽히 작동함",0
"설명 방식이 아주 좋았습니다",0
"개노답이라 진짜 추천 못함",1
"진짜 별로라서 사용 포기함",1
"짜증나서 욕 나옴",1
"평범한 구성입니다",2
"나쁘지 않은 선택이에요",2
"그냥 보통 수준이에요",2
"너무 유익하고 도움됐어요",0
"설명이 정확해서 신뢰가 갔어요",0
"기능이 생각보다 좋네요",0
"쓰레기라서 돈 버린 느낌임",1
"설명이 난잡하고 이해 불가임",1
"화나서 쓰기 싫음",1
"평범하게 쓸 수 있는 기능임",2
"괜찮긴 한데 특별함은 없음",2
"보통 정도 만족함",2
"너무 친절해서 기분 좋았어요",0
"기능도 안정적이고 사용성이 좋음",0
"설명이 쉽게 쓰여 있어서 좋았습니다",0
"개같이 만들어서 쓰기 힘듦",1
"품질 문제 너무 심함",1
"설명이 더 헷갈림",1
"평범하고 무난함",2
"적당히 쓸 만한 제품이에요",2
"그럭저럭 사용 가능함",2
"설명이 너무 정확해서 따라 하기 쉬움",0
"너무 유익하고 깔끔했습니다",0
"사용법 설명이 아주 친절함",0
"씨발 이런 제품 처음 본다",1
"완전 별로임 다시는 안 씀",1
"설명이 개판임 도움이 안 됨",1
"평범한 제품이라 적당함",2
"나쁘지 않은 품질임",2
"그냥 무난히 사용할 수 있음",2
"정확하게 설명해줘서 너무 좋았어요",0
"기능이 전반적으로 안정적입니다",0
"설명이 너무 친절해서 이해 쉬움",0
"쓰레기 수준이라 실망함",1
"짜증나는 버그들이 많음",1
"설명 듣고도 아무것도 모르겠음",1
"평범하게 사용할 수 있어요",2
"딱히 특별한 문제 없음",2
"무난한 사용 경험입니다",2
"너무 자세하고 친절한 설명이었어요",0
"기능도 좋고 설명도 정확함",0
"사용하기 너무 편했습니다",0
"개판이라서 쓰다가 혈압 오름",1
"설명이 부족하고 흐름도 엉망임",1
"품질도 최악임",1
"평범한 구성의 제품입니다",2
"적당히 쓸 수 있음",2
"나쁘지도 좋지도 않음",2
"너무 쉽게 이해할 수 있었습니다",0
"기능이 아주 탄탄해요",0
"설명이 간단하고 명확함",0
"쓰레기라서 욕밖에 안 나옴",1
"짜증나는 요소가 많음",1
"설명이 난해하고 도움 안 됨",1
"평범하게 사용할 만함",2
"그럭저럭 괜찮았음",2
"보통 수준의 성능임",2
"설명이 너무 좋고 내용도 알찼어요",0
"기능이 매끄럽고 안정적입니다",0
"너무 이해하기 쉬웠어요",0
"개같은 기능이라 열받음",1
"설명이 개판이라 더 혼란스러움",1
"품질이 엉망임",1
"평범하게 쓸 수 있어요",2
"적당히 괜찮은 구성",2
"그냥 무난한 성능이에요",2
"설명이 엄청 친절해서 좋음",0
"기능이 깔끔하게 작동함",0
"정확하고 이해 쉬움",0
"쓰레기라서 돈 아깝다",1
"씨발 도움이 1도 안 됨",1
"설명이 이상하게 되어 있음",1
"평범하게 사용할 수 있었어요",2
"딱히 단점은 없음",2
"그럭저럭 사용할 만함",2
"정확하고 유익한 설명 감사합니다",0
"기능이 매끄럽게 돌아가서 좋았어요",0
"너무 이해하기 쉬운 구조로 잘 설명됨",0
"진짜 개판이라서 짜증남",1
"설명이 잘못되어 있음",1
"품질 문제로 화났음",1
"평범한 기능이라 무난합니다",2
"나쁘지 않고 적당함",2
"그냥 무난한 편이에요",2
"설명이 정말 최고였습니다",0
"기능도 훌륭하고 만족도 높음",0
"너무 친절해서 좋았습니다",0
"씨발 이건 진짜 수준 이하임",1
"완전 개판임 다시는 안 씀",1
"짜증나는 문제들만 있음",1
"평범하게 사용할 수 있는 수준입니다",2
"그럭저럭 괜찮은 수준이에요",2
"보통 성능이라 적당함",2
"설명이 명확하고 알기 쉬움",0
"기능 하나하나가 만족스러움",0
"너무 잘 알려줘서 이해 쉬웠어요",0
"개같이 만들어진 품질임",1
"설명도 부족하고 흐름도 끊김",1
"쓰는 내내 빡침",1
"평범한 품질이에요",2
"적당히 사용할 수 있음",2
"그런대로 괜찮습니다",2
"설명이 정말 깔끔해서 이해가 빨랐어요",0
"기능도 탄탄하고 매우 만족스러웠습니다",0
"사용법 안내가 친절해서 좋았어요",0
"개쓰레기라서 돈 버린 느낌임",1
"씨발 이런 쓰레기 처음 본다",1
"설명이 너무 부족해서 이해 불가",1
"평범하게 사용할 수 있는 품질이에요",2
"그럭저럭 무난하게 사용할 만함",2
"딱히 나쁜 점은 없음",2
"너무 친절한 설명 덕분에 도움 많이 됐어요",0
"기능이 매우 안정적입니다",0
"정확하게 설명해줘서 좋았어요",0
"쓰레기라서 욕밖에 안 나오는 수준",1
"짜증나는 오류들 때문에 빡침",1
"설명이 조잡해서 더 헷갈림",1
"평범한 성능이라 사용할 수 있음",2
"나쁘지 않은 제품이에요",2
"무난하게 사용할 수 있어요",2
"설명이 이해하기 쉽게 구성돼 있음",0
"기능이 기대 이상으로 훌륭해요",0
"사용법도 쉽게 익힐 수 있음",0
"씨발 이건 그냥 사기다",1
"품질이 너무 떨어져서 짜증남",1
"도움 안 되는 설명임",1
"평범하고 무난한 성능이에요",2
"그럭저럭 쓸 만한 제품입니다",2
"딱히 특별함은 없어요",2
"설명이 너무 친절해서 기분 좋았어요",0
"기능도 충분히 만족할 만함",0
"차분하고 명확한 설명이었어요",0
"개판이다 이건 진짜",1
"설명이 난잡하고 흐름도 없음",1
"짜증만 나는 제품임",1
"평범하게 사용할 수 있음",2
"중간 정도 퀄리티입니다",2
"보통 수준으로 문제 없음",2
"설명이 정말 정확해서 좋았습니다",0
"기능도 설명도 모두 만족스러웠어요",0
"너무 이해하기 쉬웠어요",0
"개같이 만들어서 쓰기 불편함",1
"이해할 수 없는 설계임",1
"설명이 진짜 개판임",1
"평범한 품질이라 괜찮음",2
"나쁘지 않은 사용감입니다",2
"적당히 무난해요",2
"설명이 너무 간단해서 좋음",0
"기능 하나하나가 안정적임",0
"사용하기 편했습니다",0
"쓰레기라서 바로 버렸음",1
"씨발 오류 투성이임",1
"설명 듣고 더 헷갈림",1
"평범하게 사용할 수 있는 수준",2
"보통 정도의 만족감",2
"그럭저럭 문제 없음",2
"설명이 너무 명확해서 좋았어요",0
"기능이 기대 이상입니다",0
"정확하고 쉽게 이해됨",0
"개같은 오류 때문에 짜증 남",1
"설명이 불친절함",1
"퀄리티가 너무 낮음",1
"평범한 사용감이었어요",2
"나쁘지도 좋지도 않은 성능",2
"적당히 쓸 만함",2
"설명이 잘 되어 있어서 편했어요",0
"기능도 꽤 좋고 설명도 친절함",0
"너무 간단하게 잘 설명해줌",0
"쓰레기라서 욕 나옴",1
"완전 별로임 다시는 안 씀",1
"설명도 제대로 안 되어 있음",1
"평범하게 사용하는 데 문제 없음",2
"그럭저럭 괜찮음",2
"보통 수준의 기능임",2
"설명이 진짜 최고였어요",0
"기능이 아주 좋고 사용 편함",0
"너무 이해하기 쉬운 구조임",0
"개판이라서 사용 불가임",1
"설명이 난해하고 빡침",1
"품질이 최악 수준임",1
"평범한 제품이라 무난함",2
"나쁘지 않은 선택임",2
"적당히 만족함",2
"설명이 너무 정확하고 친절함",0
"기능도 문제없이 작동함",0
"사용법도 쉽게 배울 수 있음",0
"씨발 기능이 하나도 안 됨",1
"설명이 부족해서 빡침",1
"짜증나는 설계 구조임",1
"평범하게 사용 가능함",2
"보통 성능이라 괜찮음",2
"특별한 문제 없음",2
"설명이 알기 쉽게 잘 정리됨",0
"기능이 안정적이고 믿을 만함",0
"유익한 설명 감사합니다",0
"쓰레기 같은 구성이라 화남",1
"씨발 왜 이렇게 만들었냐",1
"하나도 이해가 안 되는 설명",1
"평범하게 사용할 수 있었어요",2
"나쁘지 않은 기능입니다",2
"그럭저럭 괜찮습니다",2
"설명이 매우 명확해서 좋음",0
"기능도 빠르고 안정적임",0
"너무 알기 쉬운 설명이에요",0
"개쓰레기 제품이라 열받음",1
"설명도 개판이고 품질도 엉망임",1
"짜증나는 버그가 많음",1
"평범하고 무난한 수준",2
"그럭저럭 쓸 수 있음",2
"보통 정도 품질임",2
"설명이 정말 깔끔하고 이해 쉬움",0
"기능도 충분히 만족스러움",0
"사용성도 좋아서 추천할 만함",0
"개같이 작동해서 짜증남",1
"설명이 더 헷갈리게 만듦",1
"품질이 처참함",1
"평범하게 사용할 수 있음",2
"딱히 특별한 단점 없음",2
"그냥 무난한 경험",2
"설명이 친절하고 내용이 좋음",0
"기능이 깔끔하게 잘 작동함",0
"정확한 설명이 마음에 듦",0
"개쓰레기라서 진짜 실망함",1
"씨발 도움도 안 되고 빡침",1
"설명이 하나도 이해 안 됨",1
"평범한 제품이라 무리 없이 사용 가능",2
"적당한 성능이라 만족함",2
"그럭저럭 사용할 만함",2
"설명이 정말 유익해서 좋았습니다",0
"기능이 아주 잘 작동합니다",0
"너무 정확해서 이해 쉬움",0
"개판이라서 더는 못 쓰겠음",1
"설명이 엉망이고 읽기 싫음",1
"짜증나는 문제 많음",1
"평범하게 사용할 수 있었어요",2
"그냥저냥 괜찮음",2
"보통 성능이라 무난함",2
"너무 친절한 설명 감사합니다",0
"기능도 좋고 안정성이 높음",0
"설명이 아주 부드럽고 이해 쉬움",0
"쓰레기라 욕이 절로 나옴",1
"설명이 부족하고 이상함",1
"품질도 형편없음",1
"평범하게 사용할 수 있는 성능입니다",2
"나쁘지 않은 구성임",2
"그럭저럭 쓸 수 있어요",2
"설명이 너무 친절하고 정확해서 이해가 금방 됐어요",0
"기능이 정말 안정적으로 작동해서 만족스럽습니다",0
"사용법도 쉽게 설명되어 있어서 좋았어요",0
"개쓰레기라서 보자마자 후회했음",1
"씨발 이런 제품을 왜 파냐",1
"설명이 개판이라 이해가 전혀 안 됨",1
"평범하게 사용할 수 있는 품질입니다",2
"그럭저럭 문제 없이 사용할 만함",2
"딱히 특별한 점은 없어요",2
"너무 명확하고 깔끔한 설명이었습니다",0
"기능이 좋아서 만족했어요",0
"설명이 부드럽고 이해가 쉬웠어요",0
"진짜 쓰레기 수준이라 욕이 나옴",1
"짜증나는 문제들뿐인 제품임",1
"설명도 부족하고 제대로 전달이 안 됨",1
"평범한 성능이라 무난합니다",2
"나쁘지 않은 사용감이에요",2
"그냥저냥 괜찮은 제품임",2
"설명이 아주 친절해서 좋았어요",0
"기능도 안정적이고 신뢰가 갑니다",0
"사용하기 편해서 좋았습니다",0
"씨발 진짜 최악의 경험임",1
"품질이 너무 구려서 화남",1
"설명도 난잡하고 이해하기 어려움",1
"평범하게 쓸 수 있는 정도에요",2
"딱히 큰 문제는 없었어요",2
"보통 정도의 성능입니다",2
"정확하게 설명해줘서 정말 큰 도움 됐어요",0
"기능이 매우 좋고 만족스러움",0
"설명이 차분해서 이해가 잘 됨",0
"개같은 오류 때문에 미쳐버릴 뻔함",1
"품질도 엉망이고 설계도 쓰레기임",1
"짜증나서 도저히 못 쓰겠음",1
"평범하게 사용 가능합니다",2
"그럭저럭 사용할 수 있는 성능이에요",2
"무난하게 사용할 수 있었어요",2
"설명이 유익하고 이해가 잘 됐어요",0
"기능도 나쁘지 않아 만족함",0
"설명이 이해하기 쉽게 되어 있었음",0
"쓰레기라서 환불하고 싶음",1
"씨발 제품 퀄리티가 너무 쓰레기임",1
"설명이 하나도 안 맞음",1
"평범한 경험이었어요",2
"딱히 문제 없이 사용할 수 있음",2
"보통 정도로 무난함",2
"설명이 너무 좋아서 바로 이해됨",0
"기능이 생각보다 훨씬 좋았습니다",0
"사용법도 상세하게 알려줌",0
"개판이라 손도 대기 싫음",1
"완전 별로임 추천 불가",1
"설명도 정확하지 않음",1
"평범하게 사용할 수 있어요",2
"나쁘지 않지만 특별함은 없음",2
"그럭저럭 만족함",2
"너무 정확하고 친절한 설명이었어요",0
"기능도 충분히 만족스럽습니다",0
"너무 알기 쉽고 명확한 설명이었어요",0
"개같은 디자인이라 화남",1
"설명이 더 헷갈리게 만들어 짜증남",1
"품질도 낮고 구성도 구림",1
"평범한 수준의 제품이에요",2
"보통 수준으로 괜찮음",2
"그냥 무난히 사용할 수 있음",2
"설명이 너무 친절하고 완벽했어요",0
"기능이 아주 좋고 안정적입니다",0
"설명이 깔끔하게 잘 되어 있어요",0
"씨발 이딴 걸 왜 만들었냐",1
"완전 쓰레기라서 욕밖에 안 나옴",1
"하나도 이해 안 되는 설명임",1
"평범하게 사용할 수 있는 정도",2
"나쁘지 않은 퀄리티입니다",2
"그럭저럭 쓸 만해요",2
"설명이 너무 알기 쉽고 도움됨",0
"기능도 꽤 좋아서 만족함",0
"테스트 결과도 안정적이었음",0
"개판이라서 쓰다가 포기함",1
"설명도 이상하고 이해 불가임",1
"짜증 유발하는 문제들뿐임",1
"평범한 성능이에요",2
"적당히 무난해요",2
"보통 정도 만족이에요",2
"설명이 명확해서 너무 좋았어요",0
"기능이 탄탄해서 믿음이 감",0
"정확한 설명 덕분에 금방 이해했어요",0
"씨발 기능이 절반도 작동 안 함",1
"설명이 난잡하고 읽기 싫음",1
"품질이 너무 나빠서 화남",1
"평범하게 사용할 만함",2
"딱히 특별한 문제 없었음",2
"그런대로 괜찮은 편임",2
"설명이 너무 깔끔해서 감탄했어요",0
"기능이 확실해서 기분 좋습니다",0
"너무 쉽게 이해됨",0
"개같은 오류 때문에 시간 다 버림",1
"설명도 도움 1도 안 됨",1
"품질 저하가 심해서 실망함",1
"평범하게 사용할 수 있는 제품입니다",2
"그럭저럭 만족스러움",2
"적당히 괜찮아요",2
"설명이 논리적이고 명확함",0
"기능도 훌륭해서 만족함",0
"설명이 너무 좋아서 따라 하기 편했어요",0
"쓰레기 수준이라 충격받음",1
"씨발 이런 품질은 용납 못 함",1
"설명 자체가 개판임",1
"평범한 품질이라 무난합니다",2
"딱히 불만은 없음",2
"구성도 적당히 괜찮음",2
"설명이 너무 정확하고 이해 쉬움",0
"기능이 정말 부드럽게 작동합니다",0
"설명이 너무 잘 되어 있어서 좋음",0
"개같이 만든 제품이라 빡침",1
"품질이 완전 떨어짐",1
"설명이 아예 도움이 안 됨",1
"평범하게 사용할 수 있어요",2
"그럭저럭 괜찮은 품질임",2
"보통 정도의 기능임",2
"너무 친절하고 알기 쉬운 설명이었어요",0
"기능도 잘 작동해서 만족함",0
"설명이 정말 이해하기 쉬움",0
"씨발 제품 수준이 너무 심각하다",1
"쓰레기 같은 버그가 많음",1
"설명이 개헷갈림",1
"평범하게 사용할 수 있는 수준이에요",2
"적당히 괜찮은 성능입니다",2
"그냥 무난히 사용할 수 있었어요",2
"정확한 설명 덕분에 문제 해결됨",0
"기능도 훌륭하고 설명도 좋음",0
"사용하기 정말 쉬웠어요",0
"개판이라서 스트레스만 받음",1
"설명이 형편없고 이해가 안 됨",1
"품질 정말 개판임",1
"평범한 성능입니다",2
"ㅇ보통 정도로 만족스러움",2
"대체로 괜찮은 편이에요",2
"설명이 너무 잘 되어 있어서 금방 이해됐어요",0
"기능도 안정적이고 사용성이 좋습니다",0
"친절한 설명이 큰 도움이 되었어요",0
"개쓰레기라서 바로 버렸음",1
"씨발 이딴 품질은 진짜 처음 봄",1
"설명이 개판이라 이해가 안 됨",1
"평범하게 사용할 수 있는 기능이에요",2
"딱히 문제 없이 쓸만합니다",2
"무난하게 사용 가능해요",2
"너무 깔끔한 설명이어서 좋았어요",0
"기능이 기대 이상으로 훌륭합니다",0
"설명이 차분하고 이해 쉬움",0
"쓰레기라서 후회만 남아요",1
"설명도 부족하고 짜증나는 구조임",1
"완전 최악의 사용감",1
"평범하고 무난한 성능이에요",2
"나쁘지 않은 수준입니다",2
"그럭저럭 사용할 만합니다",2
"정확한 설명 덕분에 이해가 바로 됐어요",0
"기능이 부드럽게 작동해서 좋습니다",0
"설명이 아주 친절해요",0
"씨발 이걸 제품이라고 부르는 게 신기함",1
"품질이 너무 떨어져서 화남",1
"설명도 도움 안 됨",1
"평범하게 쓸 수 있는 제품입니다",2
"딱히 특별한 단점은 없어요",2
"그냥 무난히 쓸 만함",2
"설명이 너무 명확해서 좋았습니다",0
"기능도 꽤 훌륭했어요",0
"사용법 안내가 정말 친절했음",0
"개판이라 손도 대기 싫음",1
"완전 별로라 추천 불가",1
"설명이 난해해서 이해 불가임",1
"평범한 성능이라 무난합니다",2
"적당히 괜찮은 수준입니다",2
"그럭저럭 만족스러움",2
"설명이 깔끔하고 이해가 쉬웠어요",0
"기능도 탄탄해서 신뢰가 감",0
"너무 유익한 설명이었어요",0
"씨발 오류 때문에 미치겠음",1
"설명도 개판임",1
"품질이 진짜 형편없음",1
"평범하게 사용할 수 있음",2
"나쁘지 않은 퀄리티임",2
"딱히 아쉬움 없음",2
"설명이 알기 쉽게 잘 구성돼 있음",0
"기능도 좋고 안정적임",0
"설명 듣고 바로 이해됨",0
"쓰레기라서 화밖에 안 남",1
"씨발 설계가 왜 이따구냐",1
"하나도 제대로 작동 안 함",1
"평범한 구성임",2
"보통 수준이라 실사용 가능",2
"그럭저럭 쓸 수 있어요",2
"설명이 정말 친절해서 좋았어요",0
"기능이 생각 이상으로 부드러움",0
"사용법 설명이 매우 명확함",0
"개같은 오류가 너무 많음",1
"설명이 진짜 부족함",1
"품질이 엉망이라 짜증남",1
"평범한 사용감이에요",2
"적당히 쓸 만한 제품",2
"그럭저럭 무난함",2
"너무 친절하게 알려줘서 감사함",0
"기능도 전반적으로 좋습니다",0
"설명 방식이 좋아서 이해 쉬움",0
"개판이라서 추천 절대 못함",1
"씨발 이런 경험은 처음임",1
"설명도 난잡하고 지저분함",1
"평범하게 사용할 수 있어요",2
"나쁘지 않은 사용감입니다",2
"보통 정도의 만족감",2
"너무 명확한 설명이라 좋았어요",0
"기능이 탄탄하고 성능도 좋음",0
"설명이 자연스럽고 이해 쉬움",0
"개쓰레기 품질이라 충격받음",1
"짜증나는 버그에 질림",1
"설명도 하나도 이해 안 됨",1
"평범한 수준입니다",2
"그럭저럭 괜찮음",2
"보통 성능이라 쓸만함",2
"너무 잘 설명해줘서 따라 하기 쉬웠어요",0
"기능도 만족스럽고 신뢰감 있음",0
"설명이 매우 논리적임",0
"씨발 이건 진짜 쓰레기야",1
"완전 개판이라서 화남",1
"설명이 뒤죽박죽임",1
"평범하게 사용할 수 있음",2
"나쁘지 않은 정도",2
"그냥 무난함",2
"설명이 깔끔하고 핵심만 전달함",0
"기능도 좋고 성능도 착실함",0
"너무 이해하기 쉬움",0
"개처럼 만들었네 진짜",1
"설명도 충격적으로 구림",1
"품질도 쓰레기임",1
"평범한 사용 경험입니다",2
"그럭저럭 나쁘지 않음",2
"보통 수준이에요",2
"설명이 명확하고 친절해요",0
"기능이 아주 부드럽고 좋아요",0
"정확하게 설명되어 있어서 좋음",0
"개쓰레기라 사용 포기함",1
"씨발 무슨 버그가 이렇게 많냐",1
"설명이 전혀 도움이 안 됨",1
"평범하게 사용할 만한 품질이에요",2
"나쁘지 않은 구성입니다",2
"괜찮은 편이에요",2
"너무 유익해서 만족스러웠어요",0
"기능도 매우 안정적이고 좋음",0
"설명도 쉽게 이해됨",0
"개같은 구조라 빡침",1
"설명이 이상해서 이해가 힘듦",1
"품질이 낮아서 실망함",1
"평범한 구성이라 무난함",2
"딱히 문제 없이 작동함",2
"괜찮은 수준임",2
"설명이 정말 최고급이었어요",0
"기능이 놀라울 정도로 좋음",0
"너무 친절해서 감사함",0
"씨발 완전 개판임",1
"설명도 띄엄띄엄이고 난잡함",1
"품질이 완전 실패작임",1
"평범한 기능임",2
"나쁘지 않게 사용할 만함",2
"보통 정도 수준이에요",2
"너무 정확해서 이해가 너무 쉬움",0
"기능도 설명도 완벽함",0
"사용감이 매우 좋았어요",0
"개빡치는 수준의 쓰레기임",1
"설명도 부족하고 짜증남",1
"품질 최악이라 실망함",1
"평범하게 만족할 만함",2
"그럭저럭 무난히 쓸 수 있음",2
"딱히 단점 없음",2
"설명이 너무 명확해서 이해가 바로 됐어요",0
"기능이 안정적으로 작동해서 정말 만족합니다",0
"사용법을 친절하게 알려줘서 좋았어요",0
"개쓰레기라서 손도 대기 싫음",1
"씨발 퀄리티가 왜 이 모양이냐",1
"설명이 부족해서 아무것도 이해 안 됨",1
"평범하게 사용할 수 있는 성능이에요",2
"그럭저럭 쓸 만한 편입니다",2
"딱히 불만 없는 제품이에요",2
"설명이 너무 깔끔하고 알기 쉬워요",0
"기능이 생각보다 훨씬 좋아요",0
"설명이 차분해서 이해 쉬움",0
"쓰레기 같은 구성이라 화남",1
"짜증나는 오류 투성이",1
"설명이 난잡해서 이해가 안 됨",1
"평범한 품질이라 무난함",2
"적당히 괜찮은 제품입니다",2
"그냥 보통이에요",2
"너무 친절하고 명확한 설명이었어요",0
"기능도 뛰어나고 사용감도 좋음",0
"설명 방식이 직관적이라 좋았어요",0
"개판이라서 절대 추천 못함",1
"씨발 쓰레기 기능밖에 없음",1
"설명이 도움 하나도 안 됨",1
"평범하게 사용할 수 있어요",2
"나쁘지 않은 선택입니다",2
"딱히 단점 없음",2
"설명이 정말 정확해서 좋았습니다",0
"기능도 좋아서 만족했어요",0
"너무 쉽게 이해가 됐어요",0
"개같은 설계라 빡침",1
"품질도 엉망이고 구성도 별로임",1
"설명 듣고 더 혼란스러움",1
"평범한 수준입니다",2
"그럭저럭 괜찮습니다",2
"보통 정도 만족",2
"설명이 훌륭해서 이해가 빨라요",0
"기능도 잘 만들어져서 좋습니다",0
"설명이 정말 친절했습니다",0
"쓰레기라서 다시는 안 씀",1
"씨발 이런 걸 왜 파냐",1
"짜증나는 버그가 너무 많음",1
"평범하게 사용할 수 있는 수준입니다",2
"무난하게 쓸 만함",2
"적당히 만족합니다",2
"설명이 알기 쉬워서 좋았습니다",0
"기능 하나하나가 안정적으로 작동함",0
"설명이 매우 직관적입니다",0
"개판이라 어이없음",1
"설명이 개판임 이해 불가",1
"품질이 너무 구려서 실망함",1
"평범한 사용감이에요",2
"그럭저럭 쓸 수 있어요",2
"보통이라 무난합니다",2
"설명이 잘 되어 있어서 금방 이해됨",0
"기능도 좋고 사용성도 편리함",0
"설명 방식이 굉장히 좋아요",0
"개같은 버그 때문에 빡침",1
"설명이 더 혼란스럽게 함",1
"품질이 진짜 형편없음",1
"평범한 성능이라 쓸만함",2
"나쁘지 않은 품질입니다",2
"그럭저럭 문제 없음",2
"설명이 너무 깔끔해서 감탄했어요",0
"기능도 만족스럽고 안정적임",0
"사용하기 쉬웠습니다",0
"씨발 이런 수준은 용납 불가",1
"설명도 부족하고 이상함",1
"품질이 개판이라 화남",1
"평범하게 사용할 수 있어요",2
"딱히 불만 없이 사용할 수 있음",2
"보통 정도의 기능이에요",2
"너무 친절해서 이해가 잘 됐습니다",0
"기능이 기대 이상으로 좋습니다",0
"설명도 명확하고 잘 되어 있음",0
"쓰레기라서 바로 환불함",1
"짜증나는 문제 많음",1
"설명이 하나도 도움이 안 됨",1
"평범하게 사용할 수 있는 품질입니다",2
"그럭저럭 무난하게 사용 가능함",2
"나쁘지 않은 수준이에요",2
"설명이 너무 친절해서 고마웠어요",0
"기능도 좋아서 매우 만족했습니다",0
"설명이 쉽게 되어 있어서 보기 좋음",0
"개같이 만든 제품임",1
"설명도 이상하고 난해함",1
"품질이 별로임",1
"평범하게 쓸 수 있는 기능입니다",2
"적당히 괜찮음",2
"그냥저냥 무난함",2
"설명이 매우 정확하고 친절함",0
"기능도 깔끔하게 작동함",0
"정확한 설명 덕분에 이해 쉬움",0
"개쓰레기 수준이라 분노가 침",1
"씨발 왜 이렇게 만들었냐",1
"설명이 틀려서 전혀 도움이 안 됨",1
"평범한 수준의 제품임",2
"그럭저럭 만족함",2
"보통 수준입니다",2
"설명이 너무 논리적이고 좋았어요",0
"기능도 좋고 전반적으로 만족합니다",0
"설명 방식이 친절해서 기분 좋음",0
"개판임 다시는 쓸 생각 없음",1
"설명 듣다가 짜증났음",1
"품질이 완전 별로임",1
"평범하게 사용할 수 있어요",2
"적당히 괜찮은 성능",2
"그럭저럭 쓸 수 있음",2
"너무 친절하고 유익한 설명이었어요",0
"기능이 탄탄하고 만족스럽네요",0
"사용하기 너무 편했습니다",0
"씨발 개같아서 화만 남",1
"설명이 이해가 안 됨",1
"품질이 낮아서 실망스러움",1
"평범하게 사용 가능함",2
"보통 정도로 무난해요",2
"그럭저럭 괜찮습니다",2
"설명이 깔끔하고 전문적이었어요",0
"기능도 놀랍도록 좋음",0
"정확하게 설명해줘서 고마움",0
"개노답이라 욕밖에 안 나옴",1
"씨발 최악의 디자인임",1
"설명이 너무 부족해서 힘듦",1
"평범하게 사용할 수 있음",2
"나쁘지 않은 선택이에요",2
"보통이라 괜찮음",2
"너무 쉽게 이해되는 설명이었어요",0
"기능도 잘 돌아가고 안정적임",0
"설명이 머릿속에 바로 들어옴",0
"개판이라 다시는 안 씀",1
"설명이 산으로 감",1
"품질도 개판임",1
"평범한 성능이라 사용할 만함",2
"딱히 문제 없음",2
"그럭저럭 만족스러움",2
"설명이 너무 명확해서 좋아요",0
"기능이 정말 만족스럽습니다",0
"설명이 직관적이고 알기 쉬움",0
"개같은 구조라 짜증만 남",1
"씨발 작동도 제대로 안 함",1
"설명도 도움 안 됨",1
"평범하게 사용할 수 있어요",2
"나쁘지 않은 경험이었습니다",2
"보통 정도의 품질입니다",2
"너무 정확한 설명이라 마음에 듦",0
"기능도 실사용에 충분함",0
"설명 방식이 매우 좋았습니다",0
"개쓰레기라 화만 쌓임",1
"설명도 부족하고 구조도 이상함",1
"짜증나는 문제들뿐임",1
"평범한 제품이라 무난하게 사용 가능함",2
"괜찮은 수준입니다",2
"보통이라 적당함",2
"설명이 너무 부드럽고 이해가 잘 되네요",0
"기능도 안정적이고 설명도 깔끔했습니다",0
"너무 친절하게 알려줘서 감사해요",0
"개쓰레기 같아서 쓰다가 던져버림",1
"씨발 작동도 안 되고 답답함",1
"설명이 부족해서 이해가 전혀 안 됨",1
"평범하게 사용할 수 있는 수준이에요",2
"딱히 큰 문제는 없었습니다",2
"그럭저럭 사용할 만합니다",2
"설명이 간결해서 이해가 바로 됐어요",0
"기능이 확실하게 작동해줘서 좋습니다",0
"설명도 너무 깔끔하고 명확했어요",0
"쓰레기라서 욕밖에 안 나오는 제품",1
"씨발 이런 설계는 처음 봄",1
"도움 안 되는 설명에 화남",1
"평범한 성능이라 무난하게 쓸 수 있어요",2
"적당히 괜찮은 구성입니다",2
"보통 정도의 품질을 가짐",2
"설명이 친절해서 너무 좋았습니다",0
"기능이 기대 이상으로 좋음",0
"너무 쉽게 따라 할 수 있었어요",0
"개판이라서 진짜 개빡침",1
"설명이 개판임 더 헷갈림",1
"품질도 완전 쓰레기임",1
"평범하게 사용할 수 있는 제품이에요",2
"나쁘지도 좋지도 않은 수준",2
"그냥 무난히 쓸 수 있음",2
"설명이 너무 좋아서 이해가 빨랐어요",0
"기능이 매우 튼튼하고 신뢰감 있음",0
"설명 흐름이 부드럽고 좋았어요",0
"씨발 버그 때문에 사용 불가",1
"완전 별로라서 짜증만 남",1
"설명이 난해해서 이해 불가임",1
"평범한 사용감입니다",2
"그럭저럭 괜찮은 성능이에요",2
"보통 수준으로 만족함",2
"설명이 명확하고 핵심만 전달함",0
"기능도 완벽하게 작동함",0
"너무 유익해서 좋았습니다",0
"개같이 만들어서 짜증남",1
"씨발 뭐 하나 제대로 된 게 없음",1
"설명이 도움 1도 안 됨",1
"평범하게 사용 가능한 제품입니다",2
"나쁘지 않은 품질",2
"무난하게 사용할 수 있어요",2
"설명이 너무 친절해서 감동했어요",0
"기능도 만족스럽고 매우 안정적임",0
"정확한 설명으로 따라 하기 쉬움",0
"쓰레기라서 바로 환불함",1
"씨발 제대로 작동도 안 함",1
"설명이 제 역할을 못 함",1
"평범한 성능이라 쓸만합니다",2
"그럭저럭 사용 가능해요",2
"딱히 문제 없음",2
"너무 논리적이고 이해 쉬운 설명이었어요",0
"기능이 자연스럽게 작동합니다",0
"설명이 매우 알기 쉬움",0
"개판이라 사용 자체가 고통",1
"설명이 너무 부족해서 짜증남",1
"품질이 형편없음",1
"평범한 수준의 구성입니다",2
"적당히 괜찮은 것 같아요",2
"무난하게 사용할 수 있었습니다",2
"설명이 너무 좋고 친절했습니다",0
"기능도 부드럽게 잘 작동합니다",0
"정확한 설명이 큰 도움이 됨",0
"씨발 이게 제품이라고?",1
"완전 쓰레기라서 빡침",1
"설명이 엉망이라 아무것도 안 됨",1
"평범하게 사용할 수 있어요",2
"그럭저럭 쓸 수 있는 제품임",2
"보통 정도라 괜찮음",2
"설명이 깔끔하게 잘 정리돼 있음",0
"기능도 뛰어나고 좋았습니다",0
"너무 알기 쉬운 설명이에요",0
"개같은 버그 때문에 화남",1
"씨발 이해할 수가 없음",1
"설명이 잘못되어 있음",1
"평범한 구성이라 쓸 수 있음",2
"나쁘지 않은 수준입니다",2
"그럭저럭 만족함",2
"설명이 너무 정확해서 좋았어요",0
"기능도 예상보다 좋았습니다",0
"사용하기 편했습니다",0
"개쓰레기 품질이라 욕 나옴",1
"설명도 개판이고 흐름도 없음",1
"진짜 최악의 경험임",1
"평범하게 사용할 수 있음",2
"그냥 무난히 쓸 수 있어요",2
"적당히 괜찮습니다",2
"설명이 친절하고 이해 쉬움",0
"기능도 안정적으로 잘 동작함",0
"설명이 논리적이고 깔끔함",0
"개판이라서 도저히 못 씀",1
"씨발 제품 자체가 문제임",1
"설명도 이상하고 도움 안 됨",1
"평범한 수준으로 사용할 수 있음",2
"그럭저럭 괜찮아요",2
"보통 성능입니다",2
"너무 이해하기 쉬운 설명이었어요",0
"기능도 좋고 사용성 훌륭함",0
"친절하게 알려줘서 고마웠어요",0
"쓰레기라서 두 번 다시 안 씀",1
"설명이 구리고 난해함",1
"품질 불량이 너무 심함",1
"평범하게 사용할 수 있는 제품임",2
"딱히 특별함은 없음",2
"그냥 무난한 경험이었음",2
"설명이 너무 친절하고 완벽했어요",0
"기능도 성능이 좋아서 만족함",0
"너무 잘 알려줘서 편했어요",0
"씨발 쓰다 보니 혈압 오름",1
"설명도 허접함",1
"품질이 완전히 쓰레기임",1
"평범하게 사용할 만함",2
"나쁘지 않은 수준입니다",2
"그럭저럭 무난합니다",2
"설명이 깔끔하고 신뢰가 감",0
"기능도 안정적으로 작동함",0
"정확한 설명 덕분에 이해됨",0
"개같이 만든 쓰레기 제품",1
"설명이 엉망이라 짜증남",1
"품질이 형편없어 실망함",1
"평범한 성능이에요",2
"딱히 문제는 없음",2
"보통 수준으로 만족스러움",2
"설명이 논리적이고 아주 친절함",0
"기능이 매우 만족스러워요",0
"너무 잘 설명해줌",0
"개쓰레기라서 화가 치밀어 오름",1
"설명이 도움이 하나도 안 됨",1
"씨발 완전 별로임",1
"평범하게 사용할 수 있는 기능임",2
"나쁘지 않은 제품입니다",2
"적당한 성능이에요",2
"설명이 너무 깔끔하고 알기 쉬워서 좋았습니다",0
"기능도 안정적으로 잘 작동해요",0
"정확하게 알려줘서 이해하기 편했어요",0
"개쓰레기라서 정말 화남",1
"씨발 이런 제품을 왜 파는 거냐",1
"설명이 개판이라서 아무것도 이해가 안 됨",1
"평범하게 사용할 수 있는 성능입니다",2
"그럭저럭 무난히 쓸 수 있어요",2
"딱히 문제 없는 편이에요",2
"너무 친절한 설명 덕분에 금방 이해됐어요",0
"기능도 좋아서 만족스러웠습니다",0
"설명 방식도 부드럽고 이해 쉬움",0
"쓰레기라서 다시는 안 씀",1
"씨발 작동도 안 되고 오류투성이임",1
"설명이 너무 엉망이라 이해 불가",1
"평범한 퀄리티입니다",2
"나쁘지 않은 사용감이에요",2
"적당히 괜찮은 수준",2
"설명이 너무 정확해서 좋았어요",0
"기능이 예상보다 훨씬 좋았습니다",0
"너무 친절해서 기분까지 좋아졌어요",0
"개같이 만들어서 짜증만 남",1
"씨발 뭐 하나 제대로 된 게 없음",1
"설명이 도움 1도 안 됨",1
"평범하게 사용할 수 있는 제품이에요",2
"그럭저럭 쓸 만한 성능입니다",2
"보통 정도라 만족함",2
"너무 쉽게 이해되는 설명이었어요",0
"기능도 잘 작동해서 만족했습니다",0
"사용하기 편하고 설명도 명확해요",0
"개쓰레기라 환불함",1
"씨발 내용도 틀리고 설명도 구림",1
"설명이 난해해서 전혀 이해 안 됨",1
"평범하게 사용할 수 있습니다",2
"딱히 큰 문제 없음",2
"누구나 무난히 사용할 수준",2
"설명이 차분하고 이해하기 좋음",0
"기능도 완성도가 높아요",0
"정확한 정보 알려줘서 좋았어요",0
"완전 쓰레기 품질이라 충격받음",1
"씨발 버그 때문에 열받음",1
"설명이 더 헷갈리게 만듦",1
"평범한 구성의 제품이에요",2
"적당히 사용할 만함",2
"그럭저럭 괜찮습니다",2
"설명이 친절해서 너무 좋았어요",0
"기능도 매우 안정적임",0
"설명도 핵심만 딱딱 짚어줘서 좋음",0
"개같은 성능이라 도저히 못 씀",1
"품질이 너무 나빠서 실망함",1
"설명 내용이 형편없음",1
"평범한 사용감이에요",2
"보통 성능이고 무난해요",2
"나쁘지 않은 선택입니다",2
"너무 깔끔한 설명에 감탄했어요",0
"기능도 좋아서 심적으로 편했습니다",0
"설명이 정확하고 이해 쉬움",0
"씨발 작동이 안 되니까 미치겠음",1
"완전 별로라 욕 나오게 함",1
"설명이 도움이 전혀 안 됨",1
"평범하게 사용할 수 있는 제품입니다",2
"나쁘지 않게 쓸 수 있어요",2
"그냥 무난한 편이에요",2
"설명이 직관적이고 좋았어요",0
"기능도 탄탄하고 실사용에 문제 없음",0
"정확하게 알려줘서 편했어요",0
"개같은 버그 때문에 혈압 상승함",1
"씨발 이런 디자인은 처음임",1
"설명이 너무 허술함",1
"평범하게 쓸 수 있는 제품",2
"그럭저럭 사용할 만함",2
"보통 퀄리티입니다",2
"설명이 너무 쉽고 기억에 잘 남음",0
"기능도 부드럽게 잘 작동합니다",0
"설명도 자연스럽고 이해 쉬움",0
"개판이라서 손도 대기 싫음",1
"설명 자체가 이상함",1
"품질이 진짜 너무 구림",1
"평범한 성능이라 사용할 수 있음",2
"그럭저럭 괜찮아요",2
"보통 수준의 만족감",2
"너무 친절하게 알려줘서 좋았어요",0
"기능도 정확하게 작동해서 좋음",0
"설명도 깔끔해서 좋았습니다",0
"완전 개쓰레기라서 어이없음",1
"씨발 오류 해결이 안 됨",1
"설명이 더 복잡하게 만들었음",1
"평범한 구성이라 문제 없음",2
"적당한 수준입니다",2
"그럭저럭 괜찮습니다",2
"설명이 논리적으로 잘 되어 있음",0
"기능도 만족스럽게 작동합니다",0
"너무 이해하기 쉽게 알려줘서 좋았어요",0
"개같이 만들어서 스트레스만 받음",1
"씨발 설명이 엉터리임",1
"품질이 최악이라 열받음",1
"평범하게 쓸 수 있는 구성임",2
"보통 정도 품질이에요",2
"괜찮은 편이에요",2
"설명이 너무 완벽하게 정리되어 있음",0
"기능도 생각보다 훨씬 괜찮아요",0
"친절한 설명이 인상적이었어요",0
"쓰레기 수준이라서 욕 나왔음",1
"씨발 듣다 보니 짜증 터짐",1
"설명이 도움이 하나도 안 됨",1
"평범하게 사용할 수 있습니다",2
"나쁘지 않은 경험이었어요",2
"딱히 불만 없음",2
"설명이 너무 잘 정리돼 있었어요",0
"기능도 좋아서 사용하기 편했음",0
"친절하고 명확한 설명",0
"개같은 오류 때문에 다 망함",1
"씨발 쓸 수가 없네",1
"설명이 이상하게 되어 있음",1
"평범하고 무난한 수준이에요",2
"적당히 사용할 수 있음",2
"보통이라 괜찮음",2
"설명이 너무 좋아서 바로 이해 완료",0
"기능이 매우 안정적이라 만족함",0
"설명 방식이 쉬워서 따라 하기 편함",0
"개판이라서 아무것도 못 함",1
"씨발 하는 족족 오류임",1
"설명도 개판이라 열받음",1
"평범하게 사용할 수 있는 성능이에요",2
"그럭저럭 쓸만함",2
"보통 정도 기능이에요",2
"너무 친절하고 유익한 설명이었어요",0
"기능도 부드럽게 잘 동작함",0
"설명이 너무 명확함",0
"개쓰레기라서 다시는 안 씀",1
"씨발 도대체 왜 이래",1
"제대로 설명된 부분이 없음",1
"평범하게 사용할 수 있어요",2
"적당히 괜찮아요",2
"그냥 무난합니다",2
"설명이 너무 깔끔해서 이해가 바로 됐어요",0
"기능도 안정적으로 작동해서 만족합니다",0
"친절한 설명 덕분에 금방 이해했어요",0
"개쓰레기라서 다시는 안 쓸 제품임",1
"씨발 기능이 왜 이렇게 구려?",1
"설명이 부족해서 아무 도움도 안 됨",1
"평범하게 사용할 수 있는 물건입니다",2
"그럭저럭 무난한 성능이에요",2
"딱히 큰 문제는 없었어요",2
"설명이 부드러워서 이해 쉬움",0
"기능이 기대보다 훨씬 좋았어요",0
"정확한 설명이 너무 유익했습니다",0
"쓰레기라서 정말 열받는 제품임",1
"씨발 버그가 한두 개가 아님",1
"설명이 난잡해서 이해가 불가함",1
"평범하지만 사용할 만한 수준",2
"나쁘지 않아요 그냥 무난해요",2
"그냥 보통 품질입니다",2
"설명이 친절하고 이해도 쉬웠어요",0
"기능이 좋아서 만족도가 높아요",0
"설명 구조가 깔끔해서 매우 좋았습니다",0
"완전 개판이라 놀람",1
"씨발 도저히 추천할 수 없는 퀄리티",1
"설명이 엉망이라 헷갈림",1
"평범하게 사용할 수 있어요",2
"그럭저럭 괜찮은 편입니다",2
"보통이라서 쓸 만합니다",2
"설명이 명확해서 정말 좋습니다",0
"기능이 안정적이고 믿을 수 있어요",0
"너무 쉽게 이해가 돼서 좋았어요",0
"개같이 만들어서 욕 나옴",1
"씨발 뭐 하나 제대로 작동 안 함",1
"설명도 완전 쓰레기 수준임",1
"평범한 사용감이에요",2
"딱히 특별한 점은 없어요",2
"그냥 무난합니다",2
"설명이 아주 친절해서 좋았습니다",0
"기능이 깔끔하게 작동해요",0
"사용하기 편해서 만족스러움",0
"쓰레기라서 바로 버렸음",1
"씨발 작동이 너무 불안정함",1
"설명도 난해해서 의미 없음",1
"평범한 성능이라 실사용 가능함",2
"적당히 괜찮은 품질이에요",2
"보통 수준의 만족감",2
"설명이 잘 정리되어 있어서 좋았어요",0
"기능도 완성도가 높습니다",0
"너무 친절하게 알려줘서 고마움",0
"개쓰레기라서 스트레스만 받음",1
"씨발 설명이 왜 이렇게 부실함?",1
"품질이 엉망이라 정말 별로임",1
"평범하게 사용할 수 있는 제품입니다",2
"나쁘진 않은데 엄청 좋지도 않음",2
"그럭저럭 쓸 수 있어요",2
"설명이 너무 깔끔하고 논리적입니다",0
"기능도 환상적이에요",0
"사용법 설명이 너무 친절함",0
"완전 쓰레기라서 후회됨",1
"씨발 도대체 왜 이렇게 만들었냐",1
"설명이 오히려 더 헷갈림",1
"평범한 구성이라 무난함",2
"적당히 만족할 만한 성능",2
"대체로 괜찮아요",2
"설명이 너무 친절하고 이해가 쉬움",0
"기능이 기대 이상으로 좋았습니다",0
"설명이 직관적이라 쉽게 따라함",0
"개같은 버그 때문에 미침",1
"씨발 아무 것도 제대로 안 됨",1
"설명 자체가 문제임",1
"평범하게 사용할 수 있어요",2
"그럭저럭 괜찮은 제품이에요",2
"나쁘지 않은 성능입니다",2
"설명이 너무 완벽해서 놀랐어요",0
"기능도 만족스럽게 작동함",0
"설명 방식이 이해하기 좋아요",0
"개판이라 답도 없음",1
"씨발 이걸 어떻게 쓰라는 건데",1
"설명도 이상하게 되어 있음",1
"평범한 기능이라 무난하게 사용 가능함",2
"보통 제품이에요",2
"적당히 쓸 만함",2
"너무 친절한 설명 덕분에 크게 도움됨",0
"기능도 좋고 신뢰감 있음",0
"설명도 정확하게 되어 있어 좋아요",0
"개쓰레기라서 욕밖에 안 나옴",1
"씨발 버그가 너무 많아서 열받음",1
"설명이 하나도 이해 안 됨",1
"평범하게 사용할 수 있는 퀄리티임",2
"그럭저럭 쓸만해요",2
"보통 수준으로 무난함",2
"설명이 명확하고 쉽게 전달됨",0
"기능이 매우 안정적이라 만족스러움",0
"너무 이해하기 쉬운 설명이에요",0
"개같이 만들어서 답답함",1
"씨발 화만 나게 만드는 제품",1
"설명이 잘못돼 있어서 혼란스러움",1
"평범한 수준에서 무난함",2
"적당히 사용할 수 있었음",2
"그럭저럭 만족스러움",2
"설명이 부드럽고 정확함",0
"기능도 기대 이상이었어요",0
"너무 친절해서 이해가 쉬웠음",0
"쓰레기 같은 설계 때문에 짜증남",1
"씨발 제품 퀄리티가 바닥임",1
"설명이 쓸모없음",1
"평범한 성능이라 실사용 문제 없음",2
"그럭저럭 괜찮은 수준이에요",2
"보통 정도 기능입니다",2
"설명이 너무 좋아서 바로 이해됨",0
"기능도 깔끔하게 작동함",0
"사용하기 편하고 설명도 친절함",0
"개판이라 쓰기 싫어짐",1
"씨발 설명부터 엉망임",1
"품질도 엉망이고 기능도 엉망임",1
"평범하게 사용할 수 있는 정도",2
"적당히 괜찮습니다",2
"보통의 품질입니다",2
"설명이 친절하고 설명 흐름도 좋아요",0
"기능이 나쁘지 않고 꽤 좋습니다",0
"설명이 너무 명확해서 이해 쉬움",0
"개쓰레기 같은 버그 때문에 포기함",1
"씨발 완전 대참사 수준임",1
"설명이 더 혼란스러움",1
"평범하게 쓸 수 있어요",2
"대체로 무난한 성능",2
"보통으로 만족함",2
"설명이 너무 잘 되어 있어서 좋습니다",0
"기능도 좋아서 다시 쓰고 싶어요",0
"설명 방식이 마음에 듭니다",0
"개같이 망가진 제품이라 빡침",1
"씨발 쓰레기 그 자체",1
"설명도 개판이라 도움 안 됨",1
"평범한 품질로 써도 무난합니다",2
"대체로 괜찮은 수준임",2
"적당히 만족합니다",2
"설명이 너무 친절하고 깔끔해서 이해가 바로 됐어요",0
"기능도 안정적으로 작동해서 정말 만족합니다",0
"사용법도 쉽게 알려줘서 너무 좋았어요",0
"개쓰레기라서 쓰다가 바로 던져버림",1
"씨발 이런 품질은 진짜 용납 못 한다",1
"설명이 부족해서 전혀 도움이 안 됨",1
"평범하게 사용할 수 있는 성능이에요",2
"그럭저럭 무난하게 작동합니다",2
"딱히 큰 문제는 없었습니다",2
"설명 방식이 명확하고 이해 쉬워요",0
"기능이 잘 작동해서 편하게 사용했습니다",0
"친절한 설명 덕에 금방 익혔어요",0
"쓰레기 수준이라 욕이 절로 나옴",1
"씨발 계속 오류만 떠서 빡침",1
"설명도 제대로 안 되어 있음",1
"평범한 제품이라 그냥 무난함",2
"나쁘지 않은 사용 경험이에요",2
"대체로 보통 수준입니다",2
"설명이 너무 쉽게 이해되도록 잘 되어 있어요",0
"기능도 뛰어나고 완성도 높음",0
"설명이 친절하고 자세해서 좋았어요",0
"개같이 만들어놔서 도저히 못 쓰겠음",1
"씨발 뭐만 하면 오류 뜸",1
"설명이 난잡해서 이해 불가",1
"평범한 성능이라 무난하게 사용할 수 있어요",2
"그럭저럭 쓸 만한 제품입니다",2
"딱히 불만도 특별한 장점도 없음",2
"설명이 깔끔해서 금방 이해됐습니다",0
"기능이 예상 이상으로 좋았습니다",0
"설명 흐름이 자연스러워서 따라가기 쉬움",0
"쓰레기라서 환불하고 싶음",1
"씨발 진짜 최악의 사용자 경험",1
"설명이 도움이 전혀 안 됨",1
"평범하지만 실사용에는 문제 없음",2
"적당히 만족할 수준이에요",2
"그냥 보통이에요",2
"설명이 정말 잘 정리되어 있으며 이해 쉬움",0
"기능이 탄탄해서 신뢰감 있어요",0
"너무 친절하게 알려줘서 좋았습니다",0
"개판이라 화만 나는 제품임",1
"씨발 설계가 진짜 개판임",1
"설명이 틀려서 더 헷갈림",1
"평범한 구성이라 크게 문제 없음",2
"무난하게 사용할 만합니다",2
"딱히 단점은 없네요",2
"설명이 정확하고 잘 전달됨",0
"기능이 부드럽게 작동해서 만족스러움",0
"설명도 친절해서 기분 좋았어요",0
"개쓰레기라서 절대 추천 못함",1
"씨발 사용감이 역대급 최악임",1
"설명이 난해해서 이해가 안 됨",1
"평범하게 사용할 수 있는 제품이에요",2
"적당히 쓸 만한 성능입니다",2
"그럭저럭 괜찮은 품질이에요",2
"설명이 너무 명확해서 따라하기 쉬웠어요",0
"기능도 알기 쉽게 설명되어 있음",0
"너무 친절하고 고마운 설명입니다",0
"쓰레기라서 쓸 가치가 없음",1
"씨발 어느 부분도 제대로 작동 안 함",1
"도움 안 되는 설명이었음",1
"평범하게 사용할 수 있습니다",2
"보통 정도의 퀄리티입니다",2
"나쁘지 않은 느낌이에요",2
"설명도 자세하고 이해가 잘 됐어요",0
"기능이 좋아서 만족스러웠음",0
"설명이 워낙 친절해서 금방 이해됨",0
"개같은 버그들 때문에 혈압 오름",1
"씨발 왜 이렇게 엉망임?",1
"설명도 허술해서 하나도 모르겠음",1
"평범한 성능이라 쓸만해요",2
"그럭저럭 문제 없이 사용 가능함",2
"무난한 사용감입니다",2
"설명이 너무 완벽해서 감탄함",0
"기능이 마음에 쏙 듦",0
"설명이 줄이 필요 없을 정도로 이해 쉬움",0
"개같아서 멘탈 나감",1
"씨발 제품 만드느라 정신 놓았나 봄",1
"설명이 부족해서 답답함",1
"평범하게 사용할 수 있어요",2
"보통이라 적당함",2
"그럭저럭 만족함",2
"설명이 쉽게 구성되어 있어 도움이 됨",0
"기능도 안정적이고 만족스러움",0
"너무 이해하기 쉬운 설명이에요",0
"완전 개쓰레기라 현타 왔음",1
"씨발 어떻게 이런 걸 팔아?",1
"설명이 형편없어서 열받음",1
"평범한 제품으로 무난함",2
"나쁘지 않은 수준입니다",2
"그냥 보통이에요",2
"설명이 명확하고 정확해서 이해 쉬움",0
"기능이 정상적으로 잘 작동합니다",0
"설명도 유익해서 좋았어요",0
"개쓰레기라서 바로 쓰레기통으로",1
"씨발 기능 자체가 고장임",1
"설명이 오히려 방해됨",1
"평범하게 사용할 수 있는 수준",2
"그럭저럭 쓸 만함",2
"적당한 성능이에요",2
"설명이 깔끔하고 성의 있게 되어 있음",0
"기능이 좋아서 사용하기 편함",0
"너무 쉽게 이해됐습니다",0
"개같이 만들어서 짜증 유발",1
"씨발 사용자 배려가 없음",1
"설명이 너무 부족함",1
"평범한 기능이라 사용할 수 있어요",2
"보통 제품이라 쓸만해요",2
"그럭저럭 만족하는 편입니다",2
"설명이 부드럽고 정리가 잘 되어 있음",0
"기능도 설명도 기대 이상임",0
"너무 친절해서 좋았어요",0
"쓰레기라서 추천 절대 불가",1
"수준 미달임",1
"설명이 최악으로 구성됨",1
"평범한 품질이라 무난함",2
"괜찮긴 한데 특별함은 없음",2
"그럭저럭 사용할 수 있음",2
"설명이 정말 잘 되어 있어서 좋았어요",0
"기능이 튼튼하고 만족스러움",0
"명확한 설명 덕분에 이해 쉬움",0
"개쓰레기라서 실망감만 가득함",1
"이거 진짜 쓰면 안 됨",1
"설명도 이해 불가, 제품도 불가",1
"평범한 수준으로 적당함",2
"딱히 문제는 없음",2
"나쁘지 않은 성능입니다",2

